Iteraciones,,Zmp-Ref_1,Zmp-FT_1_1,Zmp-FT_1_2,Zmp-FT_1_3,,Zmp-Ref_2,Zmp-FT_2_1,Zmp-FT_2_2,Zmp-FT_2_3,,Zmp-Ref_3,Zmp-FT_3_1,Zmp-FT_3_2,Zmp-FT_3_3,,Zmp-Ref_4,Zmp-FT_4_1,Zmp-FT_4_2,Zmp-FT_4_3,,Zmp-Ref_5,Zmp-FT_5_1,Zmp-FT_5_2,Zmp-FT_5_3,,Zmp-Ref_6,Zmp-FT_6_1,Zmp-FT_6_2,Zmp-FT_6_3,,Zmp-Ref_7,Zmp-FT_7_1,Zmp-FT_7_2,Zmp-FT_7_3,,Zmp-Ref_8,Zmp-FT_8_1,Zmp-FT_8_2,Zmp-FT_8_3,,Zmp-Ref_9,Zmp-FT_9_1,Zmp-FT_9_2,Zmp-FT_9_3,,Zmp-Ref_10,Zmp-FT_1_0_1,Zmp-FT_1_0_2,Zmp-FT_1_0_3
514,,0.0099999998,0.01140688,0.00764468,0.00893299,,0.02,0.02217028,0.02067411,0.01993307,,0.03,0.03199574,0.0288863,0.02899214,,0.04,0.04347618,0.03897479,0.04198735,,0.05,0.05353017,0.05446194,0.05489991,,0.06,0.06096119,0.06632483,0.06551076,,0.07,0.07126053,0.07638613,0.07997242,,0.08,0.08135472,0.0885611,0.08267921,,0.09,0.09469855,0.10651864,0.09823681,,0.1,0.11015931,0.11058703,0.10708804
515,,0.0099999998,0.01140981,0.00759779,0.00889126,,0.02,0.02229444,0.0207494,0.02007742,,0.03,0.03196718,0.02908377,0.02912841,,0.04,0.04329666,0.0387961,0.04181112,,0.05,0.0537523,0.0539108,0.05464573,,0.06,0.06116673,0.06616011,0.06548645,,0.07,0.0714618,0.07664425,0.08071678,,0.08,0.08082633,0.08757931,0.08202226,,0.09,0.09476124,0.10695025,0.09765292,,0.1,0.10973674,0.11070713,0.10827587
516,,0.0099999998,0.01129934,0.00762344,0.00893423,,0.02,0.02232645,0.02090319,0.02016954,,0.03,0.03206188,0.02931338,0.02916732,,0.04,0.0433346,0.03876375,0.0416421,,0.05,0.05426659,0.05373394,0.05427068,,0.06,0.06161968,0.06586535,0.06497024,,0.07,0.07175308,0.07694802,0.08194222,,0.08,0.08050693,0.08567388,0.0802665,,0.09,0.09449287,0.10750401,0.09737512,,0.1,0.1092796,0.11112665,0.10886314
517,,0.0099999998,0.0113857,0.00760202,0.0088727,,0.02,0.02235804,0.02096326,0.02034593,,0.03,0.03216062,0.02957137,0.02926082,,0.04,0.04334144,0.03881408,0.04145346,,0.05,0.0543342,0.05348619,0.05410768,,0.06,0.0614357,0.06532919,0.06449997,,0.07,0.07209245,0.07733713,0.08225651,,0.08,0.08026927,0.08448153,0.07976741,,0.09,0.09430721,0.10758077,0.09698196,,0.1,0.10851564,0.1120016,0.11079327
518,,0.0099999998,0.01129671,0.00750416,0.00886166,,0.02,0.02232482,0.02099902,0.02044722,,0.03,0.03237791,0.02970416,0.02952467,,0.04,0.04329961,0.03888164,0.04142031,,0.05,0.05448738,0.05320352,0.05378948,,0.06,0.06170461,0.06516915,0.06445975,,0.07,0.07207372,0.0776598,0.08346354,,0.08,0.08005285,0.08309352,0.07882678,,0.09,0.09470154,0.10752526,0.09667327,,0.1,0.10794978,0.1122954,0.11166114
519,,0.0099999998,0.01122126,0.0076665,0.00882633,,0.02,0.02235688,0.02120953,0.02052755,,0.03,0.0325462,0.02984421,0.029776,,0.04,0.04324733,0.0391648,0.041538,,0.05,0.05421749,0.05350226,0.05387013,,0.06,0.06173927,0.06479589,0.06417978,,0.07,0.07216581,0.07802366,0.08356999,,0.08,0.08000281,0.08220593,0.07873411,,0.09,0.0950969,0.10714708,0.09667911,,0.1,0.10745282,0.11359634,0.11407249
520,,0.0099999998,0.01124462,0.00773678,0.00872836,,0.02,0.02245735,0.02116845,0.02051657,,0.03,0.03268494,0.03005266,0.02995496,,0.04,0.04312224,0.03935273,0.04145484,,0.05,0.05408021,0.05364763,0.05425859,,0.06,0.06160878,0.06452805,0.06385351,,0.07,0.07218874,0.07845587,0.08441009,,0.08,0.08003752,0.08110025,0.07828332,,0.09,0.09583647,0.10627136,0.09646783,,0.1,0.10703623,0.11444558,0.11494929
521,,0.0099999998,0.01114431,0.00777484,0.00888208,,0.02,0.02234982,0.02129905,0.02062602,,0.03,0.03282586,0.0301069,0.03006412,,0.04,0.04342902,0.03956261,0.04150309,,0.05,0.05389289,0.05416438,0.05440342,,0.06,0.06159039,0.06432519,0.06367845,,0.07,0.07220558,0.07880317,0.08447888,,0.08,0.08009433,0.08069244,0.07826333,,0.09,0.0962185,0.10570034,0.09658287,,0.1,0.10699339,0.11526223,0.11714972
522,,0.0099999998,0.01104625,0.00772228,0.0087713,,0.02,0.02222146,0.02126453,0.02065427,,0.03,0.03303087,0.03011555,0.03014042,,0.04,0.04340165,0.03977551,0.0414901,,0.05,0.0534706,0.05451557,0.05511825,,0.06,0.06143924,0.06453102,0.06389739,,0.07,0.07213305,0.0792244,0.0844911,,0.08,0.08034714,0.08032217,0.07925302,,0.09,0.09643783,0.10414949,0.09650063,,0.1,0.10678586,0.11601467,0.11783517
523,,0.0099999998,0.01110541,0.00783518,0.00888495,,0.02,0.0222383,0.02134001,0.02063983,,0.03,0.03318885,0.03013453,0.03029823,,0.04,0.04364599,0.04002315,0.04158624,,0.05,0.05331235,0.05501024,0.05534512,,0.06,0.06128854,0.06443606,0.06384727,,0.07,0.07194971,0.07958465,0.0843342,,0.08,0.08069085,0.08030766,0.07965759,,0.09,0.09674354,0.10372378,0.09649464,,0.1,0.10706694,0.11671266,0.11937042
524,,0.0099999998,0.01103934,0.00786447,0.00880191,,0.02,0.02216596,0.02138742,0.02057832,,0.03,0.03326757,0.03004429,0.03027246,,0.04,0.04361722,0.04015341,0.04150002,,0.05,0.05267549,0.05574237,0.0560225,,0.06,0.06111288,0.0646959,0.06392516,,0.07,0.07162175,0.07999185,0.08344402,,0.08,0.080866,0.08125646,0.08092774,,0.09,0.09665448,0.10218638,0.09629032,,0.1,0.10733506,0.11705732,0.11949743
525,,0.0099999998,0.01102692,0.00766431,0.00876532,,0.02,0.02210791,0.02151444,0.02047219,,0.03,0.03334587,0.02984644,0.0301948,,0.04,0.04403585,0.04031924,0.04160604,,0.05,0.05250678,0.05605786,0.05645762,,0.06,0.06101222,0.06529336,0.06424206,,0.07,0.0713873,0.08006552,0.08307083,,0.08,0.08133472,0.08170013,0.08170361,,0.09,0.09670264,0.10141286,0.09640402,,0.1,0.1080898,0.11735599,0.12035248
526,,0.0099999998,0.01093188,0.00777197,0.00873357,,0.02,0.02204895,0.02138995,0.0205212,,0.03,0.03341766,0.02972317,0.03007865,,0.04,0.044271,0.04040085,0.04166762,,0.05,0.05215326,0.05640917,0.05705902,,0.06,0.0608148,0.06552456,0.06480832,,0.07,0.0712982,0.08022901,0.08199295,,0.08,0.0816177,0.08322894,0.083463,,0.09,0.09633092,0.10010974,0.09611773,,0.1,0.10829747,0.11704446,0.12038729
527,,0.0099999998,0.01103748,0.00777635,0.00864819,,0.02,0.02196792,0.02132815,0.02038835,,0.03,0.03329779,0.02961081,0.0299206,,0.04,0.04447271,0.04039356,0.04179945,,0.05,0.05197383,0.05678254,0.05706307,,0.06,0.0608132,0.06608268,0.06514372,,0.07,0.0713667,0.08006985,0.08120406,,0.08,0.08190192,0.08405492,0.08419682,,0.09,0.09619782,0.0997394,0.09567989,,0.1,0.10897456,0.116779,0.11980513
528,,0.0099999998,0.01094387,0.0078201,0.00874236,,0.02,0.0218814,0.02129939,0.02031365,,0.03,0.03339366,0.02947916,0.02988699,,0.04,0.04456196,0.04037431,0.04173205,,0.05,0.05194034,0.05677878,0.05744352,,0.06,0.06068914,0.06631513,0.06563088,,0.07,0.07120436,0.07964779,0.0801188,,0.08,0.08187453,0.08586535,0.08603005,,0.09,0.09571015,0.0987599,0.09550971,,0.1,0.10931328,0.11605738,0.11958893
529,,0.0099999998,0.01098538,0.00773687,0.00864274,,0.02,0.02192634,0.02140881,0.0201517,,0.03,0.03344049,0.0292948,0.02940283,,0.04,0.0448294,0.04022592,0.04192999,,0.05,0.05175797,0.05682762,0.05753422,,0.06,0.06081202,0.06708459,0.06596363,,0.07,0.07118287,0.07932389,0.07934938,,0.08,0.0818927,0.08699339,0.08655564,,0.09,0.09545649,0.09845777,0.09538826,,0.1,0.10983998,0.1150313,0.11839467
530,,0.0099999998,0.01088658,0.00766683,0.0086364,,0.02,0.02195453,0.02122716,0.02026921,,0.03,0.03335253,0.02918157,0.02944419,,0.04,0.04489486,0.0399286,0.04200814,,0.05,0.05179689,0.05670669,0.05739997,,0.06,0.06095324,0.06707602,0.0665351,,0.07,0.07137088,0.07869343,0.07827283,,0.08,0.0819096,0.08874831,0.08768371,,0.09,0.09519901,0.09873363,0.0949875,,0.1,0.10976814,0.11419849,0.11760008
531,,0.0099999998,0.01088086,0.00777032,0.00870182,,0.02,0.02194386,0.0212136,0.02022069,,0.03,0.03333067,0.0291422,0.02915638,,0.04,0.04517012,0.03978981,0.04218938,,0.05,0.05211668,0.0565063,0.05751412,,0.06,0.06109656,0.06757259,0.06670055,,0.07,0.07161867,0.0781333,0.07792939,,0.08,0.08153263,0.08951382,0.08818,,0.09,0.0948751,0.0988238,0.09487654,,0.1,0.1102681,0.11285953,0.11643095
532,,0.0099999998,0.01084447,0.00767188,0.00862798,,0.02,0.0219322,0.02111668,0.01999501,,0.03,0.03333354,0.0290241,0.02915614,,0.04,0.04496481,0.03967557,0.04227236,,0.05,0.05233271,0.05620966,0.0570637,,0.06,0.06100498,0.06757182,0.06681489,,0.07,0.07156215,0.07713814,0.07721631,,0.08,0.08139233,0.09100112,0.08872923,,0.09,0.0947114,0.09940569,0.09466512,,0.1,0.1100709,0.11171487,0.11543869
533,,0.0099999998,0.01085334,0.00764821,0.00867662,,0.02,0.02194004,0.02100169,0.01995099,,0.03,0.03321257,0.0289968,0.02888577,,0.04,0.04493693,0.03939276,0.04266594,,0.05,0.05230732,0.05594235,0.05670754,,0.06,0.06105938,0.06748334,0.06672445,,0.07,0.07176274,0.07678367,0.07671877,,0.08,0.0810395,0.09170746,0.08866981,,0.09,0.09477945,0.09982742,0.09459258,,0.1,0.10955901,0.11066929,0.11388201
534,,0.0099999998,0.01095615,0.00771419,0.00869896,,0.02,0.02206608,0.02103327,0.0200312,,0.03,0.03306688,0.02914284,0.0290168,,0.04,0.04468266,0.03933608,0.04285982,,0.05,0.0526102,0.05558838,0.05626721,,0.06,0.06116781,0.06741079,0.06668781,,0.07,0.07171459,0.07572864,0.07694642,,0.08,0.08087054,0.09256687,0.08867092,,0.09,0.09473682,0.10068661,0.09482527,,0.1,0.10919535,0.10981621,0.11354627
535,,0.0099999998,0.01090802,0.0076492,0.00867515,,0.02,0.02215844,0.02080806,0.02006397,,0.03,0.0329239,0.02904714,0.02901573,,0.04,0.0443556,0.03932331,0.04295498,,0.05,0.05280052,0.05524705,0.05585255,,0.06,0.0611473,0.06689104,0.06654407,,0.07,0.07185441,0.07516576,0.07673385,,0.08,0.08036488,0.0926521,0.08838663,,0.09,0.09501521,0.10140823,0.09475762,,0.1,0.10905711,0.10898587,0.11245213
536,,0.0099999998,0.01092566,0.00761139,0.00881728,,0.02,0.0222382,0.0207262,0.02012271,,0.03,0.03281457,0.02908531,0.02889747,,0.04,0.04409196,0.03916792,0.04296866,,0.05,0.05286474,0.0549756,0.05555201,,0.06,0.06114259,0.06682114,0.06606559,,0.07,0.07165818,0.07462361,0.07715613,,0.08,0.08011927,0.09266924,0.08781218,,0.09,0.09508977,0.10246177,0.09535729,,0.1,0.10866725,0.10832989,0.11191677
537,,0.0099999998,0.01092674,0.00770005,0.00885885,,0.02,0.02235105,0.02068884,0.01992269,,0.03,0.03265534,0.02914943,0.02920433,,0.04,0.04392851,0.03910527,0.04313217,,0.05,0.05309091,0.0548154,0.05553457,,0.06,0.06111895,0.06620611,0.06581739,,0.07,0.07184918,0.07426491,0.07743011,,0.08,0.0801102,0.0926709,0.08772237,,0.09,0.09529515,0.10322884,0.09570886,,0.1,0.10810506,0.10790303,0.11140702
538,,0.0099999998,0.01096853,0.00759822,0.0089669,,0.02,0.02231823,0.02066392,0.02014268,,0.03,0.0325138,0.02926032,0.02913579,,0.04,0.0436449,0.03911547,0.04303862,,0.05,0.05314071,0.05471267,0.05519829,,0.06,0.06123151,0.06590144,0.06523269,,0.07,0.07170893,0.0740909,0.07799315,,0.08,0.08009507,0.09140595,0.08671765,,0.09,0.09581815,0.10407552,0.09647528,,0.1,0.1078102,0.10796122,0.11125586
539,,0.0099999998,0.01107828,0.00765475,0.00895218,,0.02,0.02237288,0.02082261,0.02011807,,0.03,0.03243339,0.02937991,0.02942509,,0.04,0.04352908,0.03916219,0.0429977,,0.05,0.05306831,0.05461757,0.05529798,,0.06,0.06119276,0.06549778,0.06483456,,0.07,0.07147346,0.07406027,0.07866884,,0.08,0.08035646,0.09055047,0.08628249,,0.09,0.09627766,0.10450344,0.09701741,,0.1,0.10758074,0.10801527,0.1115798
540,,0.0099999998,0.01110884,0.00768035,0.00895254,,0.02,0.02229474,0.02075562,0.0201166,,0.03,0.03234372,0.02948743,0.02956734,,0.04,0.04337318,0.03920848,0.04283322,,0.05,0.05322344,0.05465494,0.05519751,,0.06,0.06105586,0.06508592,0.06454319,,0.07,0.07146744,0.07420973,0.07949843,,0.08,0.08054171,0.09014355,0.08552189,,0.09,0.09638529,0.10488527,0.09789824,,0.1,0.10735199,0.10843234,0.11155339
541,,0.0099999998,0.0112243,0.00773088,0.00890052,,0.02,0.02225072,0.02091358,0.02019122,,0.03,0.03228245,0.02945576,0.02970901,,0.04,0.04341104,0.03941691,0.04248179,,0.05,0.05324297,0.05465162,0.05528191,,0.06,0.06097449,0.06487656,0.06412973,,0.07,0.07141267,0.0748507,0.07971507,,0.08,0.08071898,0.08925138,0.08509182,,0.09,0.09658618,0.10510793,0.09838701,,0.1,0.10745844,0.10941279,0.11158953
542,,0.0099999998,0.01140144,0.00764423,0.00892811,,0.02,0.02231374,0.02096648,0.02035661,,0.03,0.03231774,0.02956794,0.02973238,,0.04,0.04321247,0.0393476,0.04229907,,0.05,0.0533594,0.05467286,0.0553113,,0.06,0.06101382,0.06476996,0.06412254,,0.07,0.07139967,0.0753146,0.08037502,,0.08,0.08100729,0.08867859,0.08453398,,0.09,0.09659145,0.10496543,0.09912737,,0.1,0.1076223,0.11008461,0.11203872
543,,0.0099999998,0.01127421,0.00772726,0.00890626,,0.02,0.02224075,0.02097489,0.02024904,,0.03,0.0323228,0.02966664,0.02977656,,0.04,0.04338477,0.03954846,0.04197524,,0.05,0.05329226,0.054902,0.05536168,,0.06,0.06099011,0.06482054,0.06398328,,0.07,0.07124501,0.07598943,0.08076179,,0.08,0.0815553,0.08785671,0.08441722,,0.09,0.09630387,0.10496482,0.09953061,,0.1,0.10775812,0.11123513,0.11217047
544,,0.0099999998,0.01125712,0.00785717,0.00884407,,0.02,0.02213192,0.02110137,0.02038271,,0.03,0.03243643,0.02960652,0.02991985,,0.04,0.04339435,0.03959026,0.04171044,,0.05,0.0533805,0.05490557,0.05551214,,0.06,0.06101342,0.06493332,0.06403752,,0.07,0.07132581,0.07676779,0.08110281,,0.08,0.08143147,0.08756001,0.08403406,,0.09,0.09638961,0.10481387,0.10002372,,0.1,0.10796061,0.11179073,0.11256135
545,,0.0099999998,0.01126452,0.00767043,0.00883028,,0.02,0.02220285,0.02128899,0.02046174,,0.03,0.03231548,0.02956291,0.02992967,,0.04,0.04344433,0.03970435,0.04153623,,0.05,0.05332734,0.05506648,0.05555977,,0.06,0.06093158,0.06520413,0.0643039,,0.07,0.07161492,0.0772028,0.08124964,,0.08,0.08160454,0.08698884,0.08361985,,0.09,0.0960919,0.10468087,0.10021739,,0.1,0.10833682,0.11293763,0.11258227
546,,0.0099999998,0.01133712,0.00767813,0.00876262,,0.02,0.02208677,0.02136317,0.0205011,,0.03,0.03263781,0.0297476,0.02988815,,0.04,0.04360895,0.03951135,0.04145584,,0.05,0.05341063,0.05501856,0.05574369,,0.06,0.0610493,0.06538246,0.06455319,,0.07,0.07170471,0.07800914,0.08174971,,0.08,0.08169095,0.08663712,0.08346067,,0.09,0.09597507,0.10417229,0.10016623,,0.1,0.10860731,0.11326356,0.11267564
547,,0.0099999998,0.01117271,0.00776321,0.00873479,,0.02,0.02201557,0.02131618,0.02051224,,0.03,0.03280299,0.02992099,0.0299288,,0.04,0.04381419,0.03990755,0.04134955,,0.05,0.05345768,0.05530316,0.05568932,,0.06,0.06112386,0.0655839,0.06484967,,0.07,0.07189784,0.07824234,0.08171478,,0.08,0.08147346,0.0862252,0.08344315,,0.09,0.09552659,0.10396352,0.10021431,,0.1,0.10908304,0.11435118,0.11253235
548,,0.0099999998,0.0111167,0.00766869,0.00864856,,0.02,0.02212058,0.02143992,0.02060985,,0.03,0.03289876,0.02983646,0.02998484,,0.04,0.04399079,0.03979689,0.04118837,,0.05,0.05322035,0.05515232,0.05585059,,0.06,0.06124895,0.06586864,0.06496274,,0.07,0.07184267,0.07902966,0.08196979,,0.08,0.08139097,0.08622878,0.0829499,,0.09,0.09536398,0.10385892,0.09981694,,0.1,0.10916694,0.11452962,0.11246859
549,,0.0099999998,0.01106211,0.0076494,0.00875275,,0.02,0.02194059,0.02149557,0.02053834,,0.03,0.0330746,0.02968426,0.02983358,,0.04,0.04401549,0.03986504,0.04139972,,0.05,0.05334268,0.05514399,0.05583727,,0.06,0.06120902,0.06624748,0.06547024,,0.07,0.07213255,0.07906204,0.08192564,,0.08,0.08135122,0.08598126,0.08314458,,0.09,0.09515356,0.10336678,0.09917592,,0.1,0.10935222,0.11506313,0.1124538
550,,0.0099999998,0.01104025,0.00771218,0.00875052,,0.02,0.02193288,0.0214304,0.02039602,,0.03,0.03319907,0.02981825,0.02983384,,0.04,0.04411938,0.03976507,0.04134554,,0.05,0.05318824,0.05534868,0.05596262,,0.06,0.061474,0.06646551,0.0655328,,0.07,0.07190337,0.07925189,0.08185841,,0.08,0.0808837,0.08568937,0.08259025,,0.09,0.09514371,0.10342863,0.09863284,,0.1,0.10962951,0.11502233,0.11240832
551,,0.0099999998,0.01096876,0.00766158,0.00866917,,0.02,0.02204549,0.02146836,0.02041601,,0.03,0.03339915,0.02970672,0.02970201,,0.04,0.0442203,0.03989112,0.04154806,,0.05,0.05288365,0.05516974,0.0559279,,0.06,0.0612966,0.06648131,0.06570122,,0.07,0.07192624,0.0793358,0.08189817,,0.08,0.08100053,0.08536749,0.08274742,,0.09,0.09479633,0.10342978,0.0985029,,0.1,0.10956152,0.1149794,0.11230112
552,,0.0099999998,0.01099944,0.00765848,0.00869801,,0.02,0.02199726,0.02129516,0.02041871,,0.03,0.0333735,0.02971737,0.02984048,,0.04,0.04420179,0.03991743,0.04172005,,0.05,0.05291098,0.05522944,0.05608778,,0.06,0.06138739,0.06667747,0.06594226,,0.07,0.07187078,0.07918513,0.08182829,,0.08,0.08054923,0.08525027,0.08257274,,0.09,0.09479921,0.10325044,0.09726214,,0.1,0.10941537,0.11474562,0.11195094
553,,0.0099999998,0.01098854,0.00768507,0.00868559,,0.02,0.02199007,0.02133559,0.02058765,,0.03,0.03343365,0.02946126,0.02972527,,0.04,0.04425089,0.03993101,0.04197992,,0.05,0.05268873,0.0553763,0.05615477,,0.06,0.06126024,0.06645538,0.06590281,,0.07,0.07189668,0.07896192,0.08164657,,0.08,0.08050758,0.08499423,0.08245285,,0.09,0.094881,0.10339679,0.09686571,,0.1,0.108899,0.11396456,0.1119948
554,,0.0099999998,0.01091928,0.00769654,0.0087233,,0.02,0.02204352,0.02121094,0.02024869,,0.03,0.03342356,0.02944692,0.02965937,,0.04,0.044216,0.03986114,0.0420007,,0.05,0.05255813,0.05555258,0.05620521,,0.06,0.06107829,0.06660427,0.06572646,,0.07,0.0718234,0.07873189,0.08150644,,0.08,0.08045863,0.08487897,0.08220517,,0.09,0.09498958,0.10330461,0.09604201,,0.1,0.10858145,0.11363086,0.11228671
555,,0.0099999998,0.01091448,0.00762731,0.00875241,,0.02,0.02201939,0.02113162,0.02013753,,0.03,0.033268,0.02918386,0.0295008,,0.04,0.04425761,0.03983711,0.04226093,,0.05,0.05243132,0.05571758,0.05621573,,0.06,0.06114201,0.06649484,0.06576915,,0.07,0.07153432,0.07845505,0.08131658,,0.08,0.0804316,0.08488801,0.082301,,0.09,0.0953268,0.10332946,0.09583802,,0.1,0.10820125,0.11317816,0.11311
556,,0.0099999998,0.01097477,0.00771748,0.00874082,,0.02,0.02208088,0.02094622,0.02015252,,0.03,0.03328919,0.02918096,0.02926059,,0.04,0.04425562,0.0398625,0.04238241,,0.05,0.05225823,0.05577956,0.05642264,,0.06,0.06099456,0.0665382,0.06564786,,0.07,0.07142826,0.07799931,0.08111863,,0.08,0.08053648,0.08499064,0.08255606,,0.09,0.09538789,0.10355565,0.09506413,,0.1,0.1078902,0.11328028,0.11294947
557,,0.0099999998,0.01100027,0.00771339,0.0088212,,0.02,0.02203211,0.02101918,0.01993838,,0.03,0.03324281,0.0289603,0.02924731,,0.04,0.04413291,0.03973321,0.04258952,,0.05,0.05206404,0.05578693,0.05645693,,0.06,0.06069855,0.06620556,0.06536803,,0.07,0.07124051,0.07769743,0.08085177,,0.08,0.08068889,0.08497281,0.08259525,,0.09,0.09569736,0.1034164,0.09484801,,0.1,0.10790597,0.11252907,0.11344787
558,,0.0099999998,0.01102317,0.00763937,0.00882763,,0.02,0.02210934,0.02102538,0.01997954,,0.03,0.03312793,0.0290294,0.02931269,,0.04,0.04414346,0.03957602,0.04244695,,0.05,0.0520689,0.05602561,0.05657243,,0.06,0.06086311,0.06619502,0.06531487,,0.07,0.07124887,0.07742219,0.08053668,,0.08,0.08104159,0.08541495,0.08314271,,0.09,0.09594449,0.10317993,0.09455657,,0.1,0.10760355,0.1125899,0.11416919
559,,0.0099999998,0.01106277,0.00772878,0.00889955,,0.02,0.02208398,0.02088666,0.02000614,,0.03,0.03320099,0.02893779,0.02910187,,0.04,0.0441682,0.03954405,0.04241803,,0.05,0.05231889,0.05596736,0.05665306,,0.06,0.06064428,0.06596218,0.06512645,,0.07,0.07115668,0.07731231,0.08023439,,0.08,0.08101126,0.08557865,0.0832333,,0.09,0.09629409,0.10322694,0.09450996,,0.1,0.10778782,0.11197822,0.115
560,,0.0099999998,0.01110639,0.00769112,0.00881334,,0.02,0.02216068,0.02096998,0.01997009,,0.03,0.03294828,0.02901288,0.02910916,,0.04,0.04424707,0.03953297,0.04265067,,0.05,0.05247189,0.05588619,0.05631907,,0.06,0.060709,0.06593508,0.06487219,,0.07,0.07099302,0.07699782,0.07991935,,0.08,0.08106642,0.08626977,0.08397331,,0.09,0.09652057,0.10288213,0.09457802,,0.1,0.10777408,0.1121331,0.11551438
561,,0.0099999998,0.01102611,0.00778508,0.00878263,,0.02,0.02222514,0.02099873,0.02001727,,0.03,0.03291942,0.02911423,0.02908354,,0.04,0.04425019,0.03929819,0.04246325,,0.05,0.05262922,0.05584652,0.05638162,,0.06,0.06086708,0.06590781,0.06507694,,0.07,0.07112297,0.07696431,0.07930629,,0.08,0.08126254,0.08659731,0.08446024,,0.09,0.09632957,0.10265166,0.09491915,,0.1,0.10802524,0.11200203,0.11606172
562,,0.0099999998,0.01108321,0.00767306,0.00872152,,0.02,0.02226749,0.02086912,0.02012937,,0.03,0.03295116,0.02913915,0.02921187,,0.04,0.04428539,0.03930037,0.0424988,,0.05,0.05259763,0.05576577,0.05614533,,0.06,0.06109952,0.06592967,0.06502253,,0.07,0.07119098,0.07665664,0.07907817,,0.08,0.08113531,0.08746353,0.08523916,,0.09,0.09637491,0.10214108,0.09518548,,0.1,0.10850066,0.112286,0.11649577
563,,0.0099999998,0.01107623,0.0076976,0.00873062,,0.02,0.02220937,0.02107476,0.0200559,,0.03,0.03281478,0.02929321,0.02921279,,0.04,0.04425348,0.03914983,0.04238757,,0.05,0.05287105,0.05565212,0.05619311,,0.06,0.06135194,0.06576972,0.06512714,,0.07,0.07130958,0.0765522,0.07872422,,0.08,0.08126828,0.08790126,0.08520136,,0.09,0.09610029,0.10197563,0.0953995,,0.1,0.10884193,0.11225297,0.11684128
564,,0.0099999998,0.01111479,0.00769538,0.00874221,,0.02,0.02227055,0.02093443,0.02020205,,0.03,0.03274257,0.02943141,0.02942993,,0.04,0.04427204,0.03915307,0.04240852,,0.05,0.05308715,0.05544311,0.05568352,,0.06,0.06107086,0.06584769,0.06509899,,0.07,0.0716607,0.07649951,0.07849804,,0.08,0.08152101,0.08905561,0.08622167,,0.09,0.09617068,0.10161595,0.09613778,,0.1,0.10922171,0.11244215,0.1165197
565,,0.0099999998,0.01111005,0.00756125,0.0088382,,0.02,0.02225427,0.02117145,0.02038047,,0.03,0.03271465,0.02964895,0.0294225,,0.04,0.04417813,0.03917561,0.04229264,,0.05,0.05334691,0.05519532,0.05572207,,0.06,0.06134567,0.06596509,0.06523514,,0.07,0.07183357,0.07651251,0.07829729,,0.08,0.08123073,0.08973895,0.08631754,,0.09,0.09573799,0.10138932,0.09631091,,0.1,0.10906093,0.11255798,0.11669237
566,,0.0099999998,0.01124008,0.00761406,0.00883092,,0.02,0.02222363,0.02106647,0.02041995,,0.03,0.03270901,0.02967512,0.0296304,,0.04,0.04402281,0.03920572,0.04226481,,0.05,0.05327655,0.05490727,0.05530095,,0.06,0.06159162,0.06606681,0.06508592,,0.07,0.07187498,0.07647831,0.07830735,,0.08,0.08101554,0.09013599,0.08712121,,0.09,0.09564283,0.10116571,0.09692612,,0.1,0.10902159,0.11272106,0.11654709
567,,0.0099999998,0.01118786,0.0076332,0.00887881,,0.02,0.02232396,0.02114156,0.02042436,,0.03,0.03265668,0.02994884,0.02976624,,0.04,0.04395873,0.03941204,0.04211527,,0.05,0.05353999,0.05485379,0.05508923,,0.06,0.06140596,0.06581987,0.06525251,,0.07,0.07218002,0.07637565,0.07819932,,0.08,0.08099272,0.09083948,0.08709307,,0.09,0.09538203,0.10126808,0.0972766,,0.1,0.10929273,0.11271107,0.11588769
568,,0.0099999998,0.01119147,0.00766402,0.0088047,,0.02,0.02225,0.02137967,0.02048841,,0.03,0.03268347,0.02980175,0.02985883,,0.04,0.04390275,0.03948054,0.042152,,0.05,0.05341651,0.05457666,0.05501749,,0.06,0.06135009,0.06572475,0.06505294,,0.07,0.07228294,0.0763768,0.07843081,,0.08,0.08082657,0.09105649,0.08702862,,0.09,0.09534524,0.10131563,0.09727812,,0.1,0.1095652,0.11256583,0.11559174
569,,0.0099999998,0.01120928,0.00767398,0.00887543,,0.02,0.02225947,0.02125924,0.02048916,,0.03,0.03248569,0.02974918,0.02988206,,0.04,0.04351785,0.03960814,0.0421123,,0.05,0.05339309,0.05466988,0.05521319,,0.06,0.06104439,0.06596552,0.06516644,,0.07,0.07229327,0.07618538,0.07885695,,0.08,0.08063341,0.09129312,0.08705239,,0.09,0.0950711,0.10141012,0.09751869,,0.1,0.10916466,0.11254263,0.11453726
570,,0.0099999998,0.01118297,0.00763838,0.00879321,,0.02,0.02228598,0.02133479,0.02047357,,0.03,0.03259683,0.02987451,0.03005917,,0.04,0.04354315,0.03970902,0.04204582,,0.05,0.05352476,0.05469136,0.05519082,,0.06,0.06116346,0.06583154,0.06498525,,0.07,0.0720011,0.07631073,0.07921753,,0.08,0.08066583,0.09111369,0.08655,,0.09,0.09491035,0.10188308,0.09759454,,0.1,0.10876855,0.11253425,0.11433298
571,,0.0099999998,0.01129812,0.00763737,0.00876399,,0.02,0.02224632,0.02134192,0.02046801,,0.03,0.03249441,0.0298302,0.02992442,,0.04,0.04357256,0.04012468,0.04199907,,0.05,0.05344074,0.05467113,0.05544516,,0.06,0.06095029,0.06570162,0.0650012,,0.07,0.07175886,0.07630562,0.0795263,,0.08,0.08052433,0.0908905,0.08660269,,0.09,0.09492243,0.10188894,0.09769308,,0.1,0.10848399,0.1118571,0.11335423
572,,0.0099999998,0.01127557,0.00758315,0.00886249,,0.02,0.02218432,0.02138735,0.02052161,,0.03,0.03254861,0.02984521,0.03001788,,0.04,0.04361074,0.04001986,0.04203339,,0.05,0.05313969,0.05480408,0.05541094,,0.06,0.060939,0.06567038,0.0650529,,0.07,0.07174182,0.07644404,0.07993679,,0.08,0.08073799,0.09065586,0.08585953,,0.09,0.09507263,0.10287528,0.09791669,,0.1,0.10829677,0.11205727,0.11266192
573,,0.0099999998,0.01120743,0.00774185,0.00875827,,0.02,0.02212062,0.02139134,0.02046271,,0.03,0.0325594,0.02967075,0.03002254,,0.04,0.0432798,0.04011224,0.04196237,,0.05,0.05315641,0.05498176,0.0556888,,0.06,0.06080704,0.06587366,0.06479757,,0.07,0.07148128,0.07647406,0.08067165,,0.08,0.08090867,0.0895588,0.08553375,,0.09,0.09529429,0.10317533,0.0978725,,0.1,0.10814305,0.1116022,0.11204874
574,,0.0099999998,0.01120074,0.00770766,0.00873203,,0.02,0.02197375,0.0212256,0.02047221,,0.03,0.03256232,0.02965182,0.02992345,,0.04,0.04366416,0.04010552,0.04193296,,0.05,0.05304712,0.05555424,0.05597062,,0.06,0.0608696,0.06562437,0.06500202,,0.07,0.07146926,0.07671018,0.08095641,,0.08,0.08090474,0.08921827,0.08468211,,0.09,0.09532338,0.10358642,0.09769356,,0.1,0.10819028,0.11124629,0.11143068
575,,0.0099999998,0.01115297,0.00768567,0.00877906,,0.02,0.02207109,0.02122568,0.02032447,,0.03,0.03273439,0.02940876,0.02990268,,0.04,0.0435123,0.04005493,0.04182714,,0.05,0.05283541,0.05560704,0.05613595,,0.06,0.06091142,0.06587175,0.06511453,,0.07,0.07144412,0.0768219,0.08154862,,0.08,0.08089819,0.0882868,0.08425519,,0.09,0.09544391,0.10440446,0.09765124,,0.1,0.10786566,0.11129473,0.11094398
576,,0.0099999998,0.01113306,0.00766338,0.00874929,,0.02,0.02203444,0.02120333,0.02035007,,0.03,0.03286555,0.02942477,0.0297004,,0.04,0.04365168,0.04001469,0.04183844,,0.05,0.0528475,0.05583184,0.05645185,,0.06,0.06093591,0.06581181,0.06504594,,0.07,0.07131997,0.07724957,0.08162777,,0.08,0.08103344,0.08772302,0.08365648,,0.09,0.09556206,0.10454957,0.09783146,,0.1,0.10774885,0.11100028,0.11105321
577,,0.0099999998,0.01101221,0.00776046,0.00866352,,0.02,0.02210051,0.02110159,0.02028055,,0.03,0.03292207,0.02929513,0.02953504,,0.04,0.04394555,0.03981011,0.04171159,,0.05,0.05250088,0.05591199,0.0567041,,0.06,0.0608988,0.06606788,0.06521007,,0.07,0.07119589,0.07754864,0.08197658,,0.08,0.08109003,0.0866671,0.083338,,0.09,0.09584779,0.10499333,0.09753154,,0.1,0.10786992,0.11081645,0.11095656
578,,0.0099999998,0.01100467,0.00768698,0.00868797,,0.02,0.02198546,0.02086094,0.02024899,,0.03,0.03303146,0.02929542,0.02951006,,0.04,0.04402201,0.03974664,0.04171605,,0.05,0.05254094,0.05601296,0.05657275,,0.06,0.06110804,0.06610367,0.06528082,,0.07,0.0712787,0.07770213,0.08222882,,0.08,0.08124656,0.08603368,0.08286688,,0.09,0.09593143,0.104921,0.09744969,,0.1,0.10790981,0.11120148,0.11112263
579,,0.0099999998,0.01097241,0.00765639,0.00874022,,0.02,0.02204064,0.02096561,0.02025337,,0.03,0.03303377,0.02934161,0.02944192,,0.04,0.0442368,0.03970182,0.0418098,,0.05,0.05248284,0.05587601,0.05660769,,0.06,0.06117091,0.06626594,0.06534082,,0.07,0.07133909,0.07785474,0.08197033,,0.08,0.08117486,0.08575472,0.08269253,,0.09,0.09610271,0.10504183,0.09749801,,0.1,0.10808951,0.11124244,0.11151478
580,,0.0099999998,0.01105116,0.00767698,0.00884355,,0.02,0.02200383,0.02083345,0.02021843,,0.03,0.0332396,0.02926984,0.02927068,,0.04,0.04417966,0.03960439,0.04185802,,0.05,0.05253965,0.0559924,0.05668354,,0.06,0.06131563,0.06627581,0.06555768,,0.07,0.07169575,0.0781912,0.08194879,,0.08,0.08141871,0.08533463,0.08244707,,0.09,0.09605377,0.10495934,0.09749115,,0.1,0.10799994,0.11143307,0.11186717
581,,0.0099999998,0.01090627,0.00767994,0.00871165,,0.02,0.02213484,0.02087999,0.02017738,,0.03,0.03322359,0.02924887,0.02928607,,0.04,0.04438661,0.03943594,0.04187953,,0.05,0.0525431,0.05577838,0.05630494,,0.06,0.06136647,0.06640125,0.06565308,,0.07,0.07161119,0.07831711,0.08164446,,0.08,0.08104701,0.08497323,0.08242183,,0.09,0.09622079,0.1046107,0.09749769,,0.1,0.1084587,0.11218157,0.11234502
582,,0.0099999998,0.01095354,0.00769321,0.00879138,,0.02,0.02199892,0.02088909,0.02011878,,0.03,0.03336687,0.02918234,0.02907679,,0.04,0.04451339,0.03950773,0.04198525,,0.05,0.05265904,0.05584272,0.05614654,,0.06,0.06130631,0.06647876,0.06566966,,0.07,0.07181758,0.07853127,0.08144519,,0.08,0.0810898,0.08499739,0.08269537,,0.09,0.09599061,0.10420972,0.09755934,,0.1,0.10866502,0.11227399,0.11254501
583,,0.0099999998,0.01096077,0.00751362,0.00868802,,0.02,0.02210776,0.0209093,0.02016716,,0.03,0.03329354,0.02932732,0.02920849,,0.04,0.04437609,0.03923657,0.04218664,,0.05,0.05289331,0.05561082,0.05608124,,0.06,0.06121846,0.06639034,0.06555268,,0.07,0.07174724,0.07856201,0.08118767,,0.08,0.08090117,0.084981,0.08268329,,0.09,0.09584847,0.10391368,0.0975215,,0.1,0.10889386,0.11318699,0.11329383
584,,0.0099999998,0.01102391,0.00761742,0.00889202,,0.02,0.02218379,0.020941,0.02017734,,0.03,0.03323334,0.02922285,0.02935073,,0.04,0.04435506,0.03931315,0.04215711,,0.05,0.05293907,0.05530311,0.05598278,,0.06,0.06121907,0.06642785,0.0656516,,0.07,0.07182061,0.07866742,0.08071677,,0.08,0.08074622,0.08523685,0.08328542,,0.09,0.09580168,0.10363464,0.09750045,,0.1,0.10876499,0.11328854,0.11341874
585,,0.0099999998,0.01099089,0.00754752,0.00869742,,0.02,0.02210667,0.02100506,0.02011556,,0.03,0.03320114,0.02939496,0.02938413,,0.04,0.04440828,0.03940293,0.0422707,,0.05,0.05275817,0.05532249,0.05571964,,0.06,0.06116083,0.0664456,0.0654707,,0.07,0.07177401,0.07860463,0.08021577,,0.08,0.08071787,0.0856892,0.08331645,,0.09,0.09552915,0.10324761,0.09751834,,0.1,0.10902132,0.11379312,0.11416595
586,,0.0099999998,0.01106124,0.00760061,0.00881234,,0.02,0.02213569,0.02111021,0.02026719,,0.03,0.03297792,0.02926913,0.0293834,,0.04,0.04422553,0.03938413,0.04255449,,0.05,0.05297082,0.05496524,0.05572126,,0.06,0.06097341,0.06620716,0.06539192,,0.07,0.07182564,0.07820828,0.07989163,,0.08,0.0807093,0.0856872,0.08383434,,0.09,0.09547742,0.10253832,0.09751826,,0.1,0.10903113,0.11412555,0.11436126
587,,0.0099999998,0.01115316,0.00767867,0.00886411,,0.02,0.02222192,0.02100898,0.02014163,,0.03,0.03297464,0.02929968,0.02942377,,0.04,0.04418249,0.03944377,0.04245806,,0.05,0.05287003,0.05503168,0.05545856,,0.06,0.06085635,0.06607233,0.06519439,,0.07,0.07184418,0.07807331,0.07959475,,0.08,0.0804939,0.08645868,0.08401209,,0.09,0.09538785,0.10222018,0.09703355,,0.1,0.10912953,0.11444303,0.11484437
588,,0.0099999998,0.01111424,0.00760805,0.00886136,,0.02,0.02216104,0.02115706,0.02028049,,0.03,0.03300548,0.02942273,0.02960689,,0.04,0.04410608,0.03958397,0.04259881,,0.05,0.05297346,0.05495607,0.05560271,,0.06,0.06095432,0.06602352,0.06512532,,0.07,0.07170726,0.07757998,0.07930833,,0.08,0.08066297,0.08666019,0.08433258,,0.09,0.09526244,0.1017797,0.09694874,,0.1,0.10897587,0.11459816,0.11495598
589,,0.0099999998,0.0112104,0.00758372,0.00891456,,0.02,0.02220694,0.02116415,0.02031938,,0.03,0.03289351,0.02952433,0.02957352,,0.04,0.04399459,0.03945036,0.04269052,,0.05,0.05296198,0.05483421,0.05547419,,0.06,0.06103928,0.06570146,0.064849,,0.07,0.07173214,0.07729036,0.0792954,,0.08,0.08078978,0.08718286,0.08455292,,0.09,0.09538625,0.10183516,0.09684683,,0.1,0.10887778,0.1142122,0.11502577
590,,0.0099999998,0.0111605,0.00766617,0.00886052,,0.02,0.0222528,0.02130365,0.02020781,,0.03,0.03266386,0.02962552,0.0296157,,0.04,0.04380636,0.03966165,0.04261503,,0.05,0.05293991,0.05518094,0.05553905,,0.06,0.06111494,0.06559162,0.06492661,,0.07,0.0717307,0.07696456,0.07915065,,0.08,0.08088543,0.08762329,0.08464622,,0.09,0.09514563,0.10172555,0.09650943,,0.1,0.1084947,0.11448748,0.11474938
591,,0.0099999998,0.01123166,0.00770763,0.0087742,,0.02,0.02212076,0.02129779,0.02019469,,0.03,0.0326829,0.0295619,0.02968158,,0.04,0.04388241,0.03970107,0.04241807,,0.05,0.05287822,0.05511008,0.05565706,,0.06,0.06106716,0.06533361,0.06465368,,0.07,0.07162111,0.0765681,0.07909943,,0.08,0.0810322,0.08770458,0.0848409,,0.09,0.09537361,0.10168906,0.09621236,,0.1,0.10864741,0.11382313,0.11492945
592,,0.0099999998,0.01111832,0.00757926,0.00888596,,0.02,0.02225467,0.02136581,0.02038552,,0.03,0.03277561,0.02962004,0.02978148,,0.04,0.04384004,0.03976332,0.04245585,,0.05,0.05316435,0.05516824,0.05574676,,0.06,0.06106856,0.06537368,0.06477808,,0.07,0.07155744,0.07620589,0.07916516,,0.08,0.08104066,0.0879766,0.08502334,,0.09,0.09526969,0.10175268,0.09613255,,0.1,0.10826752,0.11356834,0.11443766
593,,0.0099999998,0.01120418,0.00760904,0.00874383,,0.02,0.02224797,0.02126205,0.02048291,,0.03,0.03269617,0.02975323,0.02967623,,0.04,0.04384832,0.03974325,0.04223656,,0.05,0.05296728,0.05512786,0.05573359,,0.06,0.06122398,0.06528985,0.06446553,,0.07,0.07164872,0.07614408,0.07918076,,0.08,0.08118924,0.08827736,0.08489173,,0.09,0.0956493,0.10192256,0.09584843,,0.1,0.10820077,0.11286065,0.11405613
594,,0.0099999998,0.01124796,0.00757628,0.00878939,,0.02,0.02231546,0.02130095,0.02040713,,0.03,0.03272734,0.02982544,0.02981679,,0.04,0.0438198,0.03981981,0.0422383,,0.05,0.05300298,0.05522671,0.05575598,,0.06,0.06104203,0.0654436,0.06466682,,0.07,0.07136419,0.07596349,0.07930725,,0.08,0.08102649,0.08842476,0.08516148,,0.09,0.09541316,0.1018264,0.09583464,,0.1,0.10858397,0.11277652,0.11444215
595,,0.0099999998,0.01112793,0.00762844,0.00875833,,0.02,0.02226001,0.02138177,0.02042737,,0.03,0.03273385,0.02965673,0.02980162,,0.04,0.04388965,0.03977615,0.04201313,,0.05,0.05316256,0.05538719,0.05607502,,0.06,0.06119005,0.06547,0.06495383,,0.07,0.07145736,0.07606123,0.07952539,,0.08,0.08131802,0.08853257,0.08526479,,0.09,0.09578323,0.10202801,0.09569962,,0.1,0.10819897,0.11225873,0.11401135
596,,0.0099999998,0.01110013,0.00763224,0.00880662,,0.02,0.02226125,0.02126137,0.02047906,,0.03,0.03265709,0.02978577,0.02988927,,0.04,0.04388324,0.03977074,0.04193159,,0.05,0.05311771,0.0555112,0.05594685,,0.06,0.06142116,0.06563563,0.06487156,,0.07,0.07151894,0.07604828,0.07960993,,0.08,0.08103352,0.08852533,0.0852517,,0.09,0.09582045,0.10237445,0.0955973,,0.1,0.10792714,0.11195534,0.11402748
597,,0.0099999998,0.01116146,0.00759134,0.00872445,,0.02,0.02221565,0.02122888,0.02044448,,0.03,0.03271179,0.02963248,0.02993834,,0.04,0.04390953,0.03971761,0.04184974,,0.05,0.05284714,0.05540298,0.05592492,,0.06,0.06105945,0.06587248,0.06509069,,0.07,0.07155332,0.07612643,0.079935,,0.08,0.08103611,0.08867068,0.08520904,,0.09,0.095808,0.10267189,0.09585243,,0.1,0.10807334,0.11125207,0.11378721
598,,0.0099999998,0.01123158,0.00763547,0.00880693,,0.02,0.02223653,0.02126817,0.02043065,,0.03,0.03272988,0.02963749,0.02983195,,0.04,0.04379853,0.03970184,0.04175822,,0.05,0.05311269,0.05544383,0.05600917,,0.06,0.06106395,0.06576827,0.06526851,,0.07,0.07152805,0.07641236,0.07995973,,0.08,0.08105461,0.08872392,0.08525338,,0.09,0.09593896,0.10278703,0.095973,,0.1,0.10810316,0.1109461,0.11379579
599,,0.0099999998,0.01116496,0.00760662,0.00880601,,0.02,0.02223588,0.02119428,0.02052278,,0.03,0.03285509,0.02964571,0.02989169,,0.04,0.04385962,0.03984194,0.04177998,,0.05,0.05285078,0.05553458,0.05587965,,0.06,0.0610826,0.06633548,0.06544313,,0.07,0.07154065,0.07679436,0.08018865,,0.08,0.08083564,0.08873536,0.08510622,,0.09,0.09573476,0.10290261,0.09607363,,0.1,0.10790437,0.1107915,0.11389845
600,,0.0099999998,0.01107722,0.00758816,0.008836,,0.02,0.0221739,0.02098149,0.02049179,,0.03,0.03282363,0.02953885,0.02985076,,0.04,0.04386098,0.03979516,0.04179623,,0.05,0.0528015,0.0552828,0.05594514,,0.06,0.06098256,0.06636468,0.06548811,,0.07,0.07158827,0.07677767,0.08031753,,0.08,0.08089557,0.08873591,0.08521718,,0.09,0.09586965,0.10302006,0.09648111,,0.1,0.10824481,0.1107218,0.11372163
601,,0.0099999998,0.01112269,0.00764316,0.00879842,,0.02,0.02215428,0.02124116,0.0203131,,0.03,0.03285848,0.02938177,0.02974579,,0.04,0.04398238,0.03975568,0.04180126,,0.05,0.05278613,0.05555205,0.05608454,,0.06,0.06101391,0.06647963,0.06575901,,0.07,0.0715048,0.07708989,0.08054673,,0.08,0.08083204,0.08888505,0.08519903,,0.09,0.09565598,0.10338934,0.0967709,,0.1,0.1082319,0.11092089,0.11386772
602,,0.0099999998,0.0109975,0.00758273,0.00884048,,0.02,0.02211724,0.02115675,0.02028218,,0.03,0.03294843,0.02938944,0.02972178,,0.04,0.04397687,0.03959587,0.04187375,,0.05,0.05293074,0.05538363,0.05619007,,0.06,0.06108046,0.06639047,0.06584633,,0.07,0.07160797,0.07748876,0.08062726,,0.08,0.08087665,0.08866733,0.08520177,,0.09,0.09583722,0.10327327,0.09706708,,0.1,0.10902904,0.1106572,0.11378094
603,,0.0099999998,0.0110557,0.00760714,0.00883492,,0.02,0.02207894,0.02104538,0.02022094,,0.03,0.03286535,0.02932839,0.02948449,,0.04,0.04393263,0.03975881,0.04195512,,0.05,0.05265855,0.05549651,0.0559983,,0.06,0.06086539,0.06642773,0.06586584,,0.07,0.07165731,0.07761686,0.08060703,,0.08,0.08066864,0.08855066,0.08497655,,0.09,0.09564614,0.10326082,0.09747329,,0.1,0.1086667,0.11106932,0.11379219
604,,0.0099999998,0.01096847,0.00767419,0.00883725,,0.02,0.02202494,0.02104751,0.0203074,,0.03,0.03294142,0.02923957,0.02941263,,0.04,0.04377159,0.03969734,0.04209959,,0.05,0.05278998,0.05560865,0.05618331,,0.06,0.06108978,0.06639323,0.0657239,,0.07,0.07153397,0.07799076,0.08071654,,0.08,0.08049414,0.08865714,0.0849007,,0.09,0.09547691,0.10327362,0.09759279,,0.1,0.10900946,0.1113231,0.11395177
605,,0.0099999998,0.01101331,0.00761554,0.00885937,,0.02,0.022084,0.02101321,0.02026468,,0.03,0.03298388,0.029192,0.02949166,,0.04,0.04384216,0.03968683,0.04211074,,0.05,0.05271418,0.05557488,0.05604093,,0.06,0.06117274,0.06635648,0.06572571,,0.07,0.07148967,0.07779413,0.08088312,,0.08,0.08056887,0.08844394,0.08484637,,0.09,0.09532832,0.10321875,0.09788871,,0.1,0.10905136,0.11182611,0.11381852
606,,0.0099999998,0.01093457,0.00761134,0.00883564,,0.02,0.02209606,0.02094238,0.02021403,,0.03,0.03300886,0.02918913,0.0293449,,0.04,0.04401653,0.03966405,0.04216347,,0.05,0.05265605,0.05559776,0.05602107,,0.06,0.06116688,0.06639181,0.0654402,,0.07,0.07157381,0.07795598,0.08099329,,0.08,0.08066275,0.08832359,0.08452825,,0.09,0.09534165,0.10337555,0.09819982,,0.1,0.10907732,0.11204116,0.11389997
607,,0.0099999998,0.01102049,0.00764112,0.00877568,,0.02,0.02204296,0.02098509,0.02016757,,0.03,0.03298127,0.02919609,0.02936424,,0.04,0.04407884,0.03962729,0.04243138,,0.05,0.05264007,0.05551117,0.05607847,,0.06,0.06128685,0.06607819,0.06533383,,0.07,0.07132408,0.07809747,0.08128224,,0.08,0.08085458,0.08808135,0.08457868,,0.09,0.09536538,0.10319431,0.09823814,,0.1,0.10918316,0.11242962,0.11356709
608,,0.0099999998,0.01107668,0.00765716,0.00880404,,0.02,0.02210292,0.02092636,0.0201226,,0.03,0.03323057,0.02924071,0.02933685,,0.04,0.04399929,0.03959033,0.04226275,,0.05,0.0527002,0.05552187,0.05604903,,0.06,0.0611616,0.06599613,0.06511365,,0.07,0.07148388,0.07806105,0.08091693,,0.08,0.08086319,0.08783131,0.08418122,,0.09,0.09528947,0.1034717,0.09832337,,0.1,0.10900339,0.11256327,0.11348257
609,,0.0099999998,0.01105762,0.00761249,0.00886063,,0.02,0.02201444,0.02097698,0.02017552,,0.03,0.0330768,0.02923718,0.02920101,,0.04,0.04410607,0.03959865,0.04230189,,0.05,0.05275052,0.05543522,0.05603895,,0.06,0.06085398,0.06584999,0.06514039,,0.07,0.07156214,0.07780465,0.0809112,,0.08,0.08103957,0.08730631,0.08406068,,0.09,0.09536467,0.10316323,0.09827054,,0.1,0.10858335,0.11281958,0.11319455
610,,0.0099999998,0.01103744,0.00760658,0.00876983,,0.02,0.02214482,0.02095364,0.02028914,,0.03,0.03306948,0.02940092,0.0293667,,0.04,0.04418394,0.03957112,0.0423056,,0.05,0.05284145,0.05554329,0.05630841,,0.06,0.06099875,0.06557604,0.06494804,,0.07,0.07137043,0.07787011,0.08121511,,0.08,0.08107547,0.0870221,0.08385586,,0.09,0.09537543,0.10339344,0.09813596,,0.1,0.10867848,0.11312243,0.1130212
611,,0.0099999998,0.01103373,0.00756344,0.00875988,,0.02,0.02209333,0.02105335,0.02025804,,0.03,0.03315878,0.02933705,0.0293744,,0.04,0.04439246,0.03942118,0.04227643,,0.05,0.05281813,0.05562276,0.0560889,,0.06,0.06091696,0.06561488,0.06482067,,0.07,0.07162044,0.0776043,0.08086076,,0.08,0.08119104,0.08679727,0.08357863,,0.09,0.09551503,0.10344696,0.09780028,,0.1,0.10822144,0.11324838,0.11274479
612,,0.0099999998,0.01113746,0.00767749,0.00886038,,0.02,0.02211474,0.02107263,0.0202929,,0.03,0.03307115,0.02945632,0.02948746,,0.04,0.04435026,0.0396025,0.04220454,,0.05,0.05293659,0.05542782,0.0559637,,0.06,0.06084073,0.06568687,0.06500093,,0.07,0.07168179,0.07755265,0.08078855,,0.08,0.08115149,0.0865199,0.0835853,,0.09,0.09553126,0.10343261,0.0976871,,0.1,0.10829522,0.1133412,0.11281284
613,,0.0099999998,0.0111541,0.00762038,0.00882962,,0.02,0.02218308,0.02116361,0.02030376,,0.03,0.03300507,0.02953151,0.02948142,,0.04,0.044246,0.03957836,0.04216655,,0.05,0.05325866,0.05529119,0.05586723,,0.06,0.06113203,0.06543812,0.06481503,,0.07,0.07167455,0.0773119,0.08057646,,0.08,0.08112638,0.08609375,0.08347247,,0.09,0.09571888,0.10357703,0.09747314,,0.1,0.108172,0.11334381,0.11260878
,,,0.0110951145,0.007665199,0.0087944401,,,0.022149807,0.0211179213,0.0202950267,,,0.0328867181,0.0294721865,0.0295765361,,,0.0439713048,0.0396130846,0.0420803849,,,0.0529469048,0.0552930113,0.0558622689,,,0.0611127014,0.0659308296,0.0651712032,,,0.0716253255,0.0773746004,1.0947863304,,,0.0809280238,0.0872474529,0.0841825783,,,0.0955907023,0.1031144484,0.0969381274,,,0.1085258399,0.1125627879,0.1138317001
,,,,,0.0091849179,,,,,0.021187585,,,,,0.0306451469,,,,,0.0418882581,,,,,0.0547007283,,,,,0.0640715781,,,,,0.4145954188,,,,,0.0841193517,,,,,0.0985477594,,,,,0.1116401093
