iter,zmp_ref,zmp_ft,zmp_ref2,zmp_ft2,zmp_ref3,zmp_ft3,zmp_ref4,zmp_ft4,zmp_ref5,zmp_ft5,zmp_ref6,zmp_ft6,zmp_ref7,zmp_ft7,zmp_ref8,zmp_ft8,zmp_ref9,zmp_ft9,zmp_ref10,zmp_ft10
251,0,0.00003256,0,0.00002916,0,0.00006194,0,-0.0000381,0,-0.00009366,0,0.00003039,0,-0.00001759,0,-0.00004211,0,0.00006827,0,-0.0001098
252,0,-0.00001369,0,-0.00000996,0,0.00000898,0,-0.0000308,0,-0.00005452,0,-0.00004236,0,0.00005358,0,-0.00005329,0,0.00004593,0,0.00003244
253,0,-0.00000665,0,-0.0000071,0,0.00004087,0,-0.00007505,0,0.00001349,0,0.00009855,0,0.00004063,0,-0.00000609,0,0.00003001,0,0.00004434
254,0,0.00001278,0,-0.0000729,0,0.00002223,0,-0.00005742,0,-0.00002097,0,-0.00004119,0,-0.00004466,0,-0.00003783,0,0.00004106,0,0.00012205
255,0,-0.00000793,0,-0.00003423,0,0.00004687,0,-0.00005551,0,0.00001763,0,0.00002523,0,0.00001859,0,0.00003183,0,0.0001028,0,0.00009266
256,0,0.00004773,0,0.00007261,0,-0.00011252,0,-0.00005992,0,0.00003472,0,0.00002194,0,0.00005073,0,0.0000401,0,0.00001781,0,-0.00000464
257,0,0.0000362,0,0.0001834,0,-0.00006236,0,-0.0000787,0,0.00002613,0,-0.00005727,0,0.00007964,0,0.00001863,0,0.00003037,0,0.00003932
258,0,0.00008789,0,0.00015165,0,-0.00003529,0,0.0000078,0,-0.00006768,0,0.00000153,0,0.00009346,0,0.00009904,0,-0.00000595,0,-0.0001801
259,0,0.0000983,0,0.00008906,0,-0.00001358,0,-0.00001474,0,0.00004859,0,0.00008964,0,0.0000509,0,0.00002652,0,0.0000089,0,-0.00000126
260,0,0.00003802,0,0.00006214,0,0.00001455,0,-0.00003035,0,-0.00011537,0,-0.00007426,0,0.00006119,0,0.00000604,0,-0.0000969,0,-0.00005308
261,0,0.00002417,0,0.00001617,0,0.00014705,0,-0.00006477,0,-0.00003874,0,0.00006391,0,0.00003269,0,-0.00000398,0,-0.00006185,0,-0.00001867
262,0,0.00004559,0,0.00012535,0,0.00012664,0,-0.00003106,0,-0.00001429,0,0.00010247,0,0.00003052,0,-0.00006804,0,-0.00007823,0,0.00022351
263,0,0.00005055,0,0.00004844,0,0.00006571,0,-0.00003649,0,-0.00011144,0,-0.0000601,0,0.00002022,0,-0.00007152,0,0.00004936,0,0.00003151
264,0,0.00007746,0,-0.00000962,0,0.0000467,0,-0.00004856,0,-0.0000885,0,-0.00001009,0,0.00008661,0,-0.00000841,0,0.00007037,0,0.00003779
265,0,0.00003399,0,-0.00001334,0,0.00002176,0,-0.00003453,0,0.000098,0,0.00013892,0,0.00000885,0,0.00005381,0,0.00017446,0,0.00005675
266,0,0.00007604,0,-0.00001075,0,0.00003135,0,-0.00008253,0,-0.00007636,0,-0.00007978,0,0.00000281,0,0.00006692,0,0.0000775,0,-0.00013925
267,0,0.00007963,0,0.00001056,0,0.00007158,0,-0.00005214,0,0.00008122,0,0.00002649,0,0.00001401,0,0.0001439,0,0.00003698,0,-0.00009783
268,0,0.00009414,0,-0.00008319,0,0.00000777,0,-0.00002726,0,-0.00000164,0,0.00001476,0,0.00002733,0,0.00005542,0,0.00007901,0,-0.00016145
269,0,0.00007223,0,0.00002408,0,0.00017408,0,-0.00004046,0,0.00003246,0,-0.00003408,0,0.00007418,0,0.00002536,0,-0.00005329,0,0.00000645
270,0,0.00002449,0,0.00008994,0,0.00007387,0,0.00000389,0,-0.00006382,0,0.00007496,0,0.00008967,0,0.00007753,0,-0.0000208,0,0.0001075
271,0,0.00000014,0,0.00019801,0,0.00007769,0,0.0000088,0,-0.00000641,0,0.00000432,0,0.0000106,0,0.00001285,0,-0.00013167,0,0.00010479
272,0,0.00001275,0,0.00015188,0,0.00007992,0,-0.00010092,0,-0.00002439,0,-0.00005404,0,0.00010144,0,-0.0000567,0,-0.00004786,0,0.00021465
273,0,0.00004496,0,0.00004701,0,0.00010618,0,0.0000284,0,-0.00010881,0,0.0000902,0,0.00009931,0,-0.00005488,0,0.00000548,0,0.00001186
274,0,0.00007894,0,0.00007409,0,0.00004641,0,-0.00012553,0,-0.00003171,0,0.00004562,0,0.00009482,0,0.00001822,0,-0.00000944,0,-0.00003463
275,0,0.00005797,0,-0.00002966,0,-0.00003795,0,-0.00009259,0,0.00008007,0,-0.00008572,0,0.00014067,0,0.0000585,0,0.00017186,0,-0.00000839
276,0,0.00000835,0,-0.00009883,0,-0.00000541,0,0.00005911,0,-0.00007358,0,0.00001687,0,0.00001539,0,0.00000592,0,0.00007729,0,-0.00013732
277,0,0.00001795,0,0.00009274,0,0.00001522,0,-0.00015314,0,-0.00000727,0,0.00002509,0,0.00002555,0,0.00007824,0,0.00012325,0,-0.00008278
278,0,0.00004861,0,-0.00005065,0,-0.00002945,0,-0.00008075,0,-0.00006933,0,0.00000319,0,0.00004522,0,0.00009157,0,0.00000794,0,0.00002056
279,0,0.00000907,0,0.0001008,0,0.00008169,0,-0.00000274,0,-0.00010166,0,0.00001588,0,-0.00001734,0,0.00004706,0,-0.00001548,0,0.00000129
280,0,-0.00006503,0,0.00003913,0,0.00001523,0,0.00000673,0,-0.00007209,0,0.00004119,0,-0.00000077,0,0.00006599,0,-0.00013087,0,0.00007925
281,0,0.00009851,0,-0.00008722,0,0.00006807,0,0.00005308,0,-0.00001171,0,-0.00000021,0,-0.00001878,0,0.00003714,0,-0.00003153,0,0.00010438
282,0,0.00001243,0,0.00006342,0,0.00013521,0,-0.0000678,0,-0.00001787,0,-0.00006281,0,-0.000009,0,0.00003662,0,0.00002098,0,0.00011251
283,0,0.00003626,0,0.00008654,0,0.00004749,0,-0.00013059,0,-0.00000962,0,0.00006399,0,-0.00001868,0,-0.00001638,0,0.00010471,0,-0.00000828
284,0,0.00008494,0,-0.00000555,0,0.00010025,0,-0.00013936,0,-0.00006586,0,0.00004875,0,-0.00000063,0,-0.00001038,0,0.00005046,0,0.00007167
285,0,-0.00000153,0,0.00007041,0,0.00006646,0,-0.00004962,0,0.00002331,0,0.00000879,0,0.0000643,0,0.00000633,0,0.00011348,0,-0.0000566
286,0,0.00007166,0,0.00006365,0,0.00004296,0,-0.00006384,0,-0.0000267,0,-0.00001932,0,0.00004767,0,0.0000144,0,0.00003759,0,-0.00000086
287,0,0.00004381,0,0.00004746,0,-0.00002088,0,-0.0000859,0,0.00001533,0,0.0000025,0,0.00008248,0,-0.00001278,0,-0.00006645,0,-0.00006659
288,0,0.00007443,0,-0.00004703,0,0.00004934,0,-0.00010522,0,-0.00005807,0,0.00001394,0,0.00000728,0,0.00000826,0,-0.00001167,0,-0.00006254
289,0,0.00006074,0,0.00003036,0,0.00003227,0,-0.00002762,0,-0.00008129,0,0.00003447,0,0.00004829,0,0.00001816,0,-0.00005341,0,-0.00005555
290,0,0.00000008,0,0.00003376,0,0.00004866,0,-0.00004286,0,-0.0001419,0,0.00005715,0,0.00006517,0,0.00005052,0,-0.00010323,0,-0.0000958
291,0,0.00002345,0,-0.00004728,0,0.00007663,0,-0.00003787,0,-0.00006177,0,-0.00000755,0,0.00001651,0,0.00005887,0,-0.00008808,0,0.00002342
292,0,-0.00010172,0,-0.00003946,0,0.00009432,0,-0.00000514,0,-0.00004397,0,0.00002157,0,0.0000673,0,0.00005501,0,-0.00012305,0,0.00000955
293,0,0.00004689,0,0.0001219,0,0.0000476,0,-0.00005533,0,-0.00004918,0,0.00004889,0,0.0000763,0,0.00002577,0,-0.00009447,0,0.00016841
294,0,0.00001348,0,-0.00000469,0,0.00007765,0,0.00009264,0,0.00005709,0,0.00002083,0,0.00009357,0,0.00005295,0,-0.00014478,0,-0.00001607
295,0,-0.00003931,0,0.00001574,0,0.00001943,0,-0.00000712,0,0.0000929,0,0.00001776,0,0.00003293,0,0.0000301,0,0.0000191,0,-0.00000979
296,0,0.00015106,0,0.00005434,0,-0.00001041,0,0.00000228,0,0.00002169,0,-0.00003204,0,-0.00001411,0,0.00000908,0,0.00003636,0,-0.0000267
297,0,-0.00004671,0,0.00000433,0,0.00010861,0,-0.00015743,0,0.00005922,0,-0.00001651,0,0.00008607,0,0.00004015,0,0.00004877,0,-0.00013479
298,0,0.00007459,0,-0.00009738,0,0.00003313,0,-0.00012691,0,-0.000183,0,0.00005232,0,0.0000465,0,-0.00000063,0,0.00007987,0,-0.00015451
299,0,0.00005081,0,-0.00002547,0,0.00000289,0,-0.00006698,0,-0.00006918,0,-0.00000705,0,0.00007256,0,0.00004388,0,0.00001788,0,0.00003045
300,0,0.00003665,0,0.00003164,0,-0.00000554,0,-0.00006875,0,-0.00011386,0,0.00004935,0,0.00010987,0,-0.00001062,0,-0.00002889,0,0.00001011
301,0.0003333333,0.00009719,0.0006666667,-0.00004006,0.001,0.00006128,0.0013333333,0.00001162,0.0016666667,-0.00004602,0.0020000001,0.00009758,0.0023333333,0.000036,0.0026666666,-0.00000765,0.003,0.00007302,0.0033333334,-0.0000813
302,0.0006666667,0.00001486,0.0013333333,0.00004691,0.0020000001,-0.00000474,0.0026666666,0.0000181,0.0033333334,-0.00003499,0.0040000002,0.00001113,0.0046666665,0.00005993,0.0053333333,0.00003261,0.0060000001,-0.00001087,0.0066666668,0.0001785
303,0.001,-0.00054077,0.0020000001,-0.00042318,0.003,-0.00040687,0.0040000002,-0.00102823,0.0049999999,-0.0001196,0.0060000001,-0.00016841,0.0070000002,-0.00007811,0.0080000004,-0.00060929,0.0089999996,-0.00015366,0.0099999998,-0.00001908
304,0.0013333333,-0.00213836,0.0026666666,-0.00147806,0.0040000002,-0.00191807,0.0053333333,-0.0019512,0.0066666668,-0.00188528,0.0080000004,-0.00079693,0.009333333,-0.00058078,0.0106666666,-0.00165611,0.0120000001,-0.00157448,0.0133333337,-0.00175442
305,0.0016666667,-0.00260277,0.0033333334,-0.00337658,0.0049999999,-0.00299013,0.0066666668,-0.00501422,0.0083333338,-0.00295555,0.0099999998,-0.00312218,0.0116666667,-0.0029953,0.0133333337,-0.00546269,0.0149999997,-0.00324702,0.0166666675,-0.0030264
306,0.0020000001,-0.00388591,0.0040000002,-0.00438647,0.0060000001,-0.00563302,0.0080000004,-0.00683492,0.0099999998,-0.00639878,0.0120000001,-0.00524316,0.0140000004,-0.00450842,0.0160000008,-0.00761359,0.0179999992,-0.00561178,0.0199999996,-0.0077458
307,0.0023333333,-0.00421782,0.0046666665,-0.00623131,0.0070000002,-0.00732472,0.009333333,-0.00985531,0.0116666667,-0.00821568,0.0140000004,-0.01023525,0.0163333341,-0.0094732,0.018666666,-0.01191754,0.0209999997,-0.00744507,0.0233333334,-0.01050896
308,0.0026666666,-0.00423414,0.0053333333,-0.00702634,0.0080000004,-0.00985534,0.0106666666,-0.01101643,0.0133333337,-0.01102794,0.0160000008,-0.01241873,0.018666666,-0.01170932,0.0213333331,-0.0134208,0.0240000002,-0.01021579,0.0266666673,-0.01562036
309,0.003,-0.0038238,0.0060000001,-0.00851016,0.0089999996,-0.01077468,0.0120000001,-0.01301721,0.0149999997,-0.01221662,0.0179999992,-0.01594229,0.0209999997,-0.01568782,0.0240000002,-0.01604453,0.0270000007,-0.01256681,0.0299999993,-0.01806358
310,0.0033333334,-0.00321705,0.0066666668,-0.00912919,0.0099999998,-0.01247287,0.0133333337,-0.01383969,0.0166666675,-0.01365842,0.0199999996,-0.01737729,0.0233333334,-0.01746553,0.0266666673,-0.01733096,0.0299999993,-0.01475131,0.0333333351,-0.0219656
311,0.0036666666,-0.00278278,0.0073333331,-0.00873618,0.0109999999,-0.01287834,0.0146666663,-0.01538684,0.0183333326,-0.01439841,0.0219999999,-0.01945902,0.0256666671,-0.02040952,0.0293333326,-0.01920003,0.0329999998,-0.0159335,0.0366666652,-0.02337096
312,0.0040000002,-0.00199595,0.0080000004,-0.00823735,0.0120000001,-0.01282219,0.0160000008,-0.01584898,0.0199999996,-0.01558537,0.0240000002,-0.02042654,0.0280000009,-0.02183988,0.0320000015,-0.0199161,0.0359999985,-0.01768328,0.0399999991,-0.02519259
313,0.0043333331,-0.0010087,0.0086666662,-0.00686984,0.0130000003,-0.01248986,0.0173333324,-0.01606154,0.0216666665,-0.01596311,0.0260000005,-0.02171299,0.0303333327,-0.02304621,0.0346666649,-0.02020496,0.0390000008,-0.01888076,0.043333333,-0.02586574
314,0.0046666665,-0.00055944,0.009333333,-0.00560886,0.0140000004,-0.01044314,0.018666666,-0.01557037,0.0233333334,-0.01656078,0.0280000009,-0.0221494,0.0326666683,-0.02336334,0.037333332,-0.02047515,0.0419999994,-0.01945643,0.0466666669,-0.02593982
315,0.0049999999,-0.00016924,0.0099999998,-0.00289174,0.0149999997,-0.00899635,0.0199999996,-0.01376332,0.0250000004,-0.01666061,0.0299999993,-0.02199262,0.0350000001,-0.02353122,0.0399999991,-0.02033,0.0450000018,-0.01905201,0.0500000007,-0.02569138
316,0.0053333333,0.00123704,0.0106666666,-0.00171282,0.0160000008,-0.00569044,0.0213333331,-0.0122809,0.0266666673,-0.01606896,0.0320000015,-0.02076211,0.037333332,-0.02336808,0.0426666662,-0.01987264,0.0480000004,-0.0185215,0.0533333346,-0.02383037
317,0.0056666667,0.00181829,0.0113333333,0.00079571,0.0170000009,-0.00379813,0.0226666667,-0.00821422,0.0283333343,-0.01530064,0.0340000018,-0.01948277,0.0396666676,-0.02139395,0.0453333333,-0.01710511,0.050999999,-0.01673312,0.0566666685,-0.02224139
318,0.0060000001,0.00346033,0.0120000001,0.00216499,0.0179999992,0.00074911,0.0240000002,-0.00555044,0.0299999993,-0.01181259,0.0359999985,-0.01419257,0.0419999994,-0.01733983,0.0480000004,-0.01316125,0.0540000014,-0.0151478,0.0599999987,-0.01727765
319,0.0063333334,0.00433153,0.0126666669,0.0053198,0.0189999994,0.00340583,0.0253333338,0.00103825,0.0316666663,-0.00901559,0.0379999988,-0.01065308,0.044333335,-0.01454511,0.0506666675,-0.01056774,0.057,-0.00992984,0.0633333325,-0.01360944
320,0.0066666668,0.00516042,0.0133333337,0.00661121,0.0199999996,0.00820315,0.0266666673,0.00472009,0.0333333351,-0.00242673,0.0399999991,-0.0034987,0.0466666669,-0.01177002,0.0533333346,-0.00760004,0.0599999987,-0.00757835,0.0666666701,-0.00718507
321,0.0070000002,0.00568961,0.0140000004,0.00962337,0.0209999997,0.01044637,0.0280000009,0.01247182,0.0350000001,0.00153635,0.0419999994,0.00043403,0.0489999987,-0.00570097,0.0560000017,-0.00283738,0.063000001,-0.00338228,0.0700000003,-0.00422082
322,0.0073333331,0.006488,0.0146666663,0.01075771,0.0219999999,0.01531249,0.0293333326,0.01649352,0.0366666652,0.00928705,0.0439999998,0.00912217,0.0513333343,-0.0025296,0.0586666651,-0.00049864,0.0659999996,-0.00156489,0.0733333305,0.00097607
323,0.0076666665,0.00709825,0.0153333331,0.01478158,0.023,0.01805893,0.0306666661,0.02416883,0.038333334,0.01330745,0.0460000001,0.01325238,0.0536666662,0.00434316,0.0613333322,0.00463489,0.0689999983,0.00215933,0.0766666681,0.0033519
324,0.0080000004,0.00763348,0.0160000008,0.01638416,0.0240000002,0.02306155,0.0320000015,0.02749726,0.0399999991,0.0219599,0.0480000004,0.02150304,0.0560000017,0.00832544,0.064000003,0.00737699,0.0719999969,0.00426783,0.0799999982,0.01206604
325,0.0083333338,0.00739564,0.0166666675,0.01757444,0.0250000004,0.02535878,0.0333333351,0.03430739,0.0416666679,0.02615222,0.0500000007,0.02624392,0.0583333336,0.01804981,0.0666666701,0.01559701,0.075000003,0.01115843,0.0833333358,0.02102619
326,0.0086666662,0.00729203,0.0173333324,0.01713536,0.0260000005,0.02920937,0.0346666649,0.0366065,0.043333333,0.03291184,0.0520000011,0.03600578,0.0606666654,0.0240647,0.0693333298,0.02075233,0.0780000016,0.01552375,0.086666666,0.02972805
327,0.0089999996,0.00713556,0.0179999992,0.01811311,0.0270000007,0.03052362,0.0359999985,0.03888309,0.0450000018,0.03548817,0.0540000014,0.04115283,0.063000001,0.03784907,0.0719999969,0.0319378,0.0810000002,0.0232587,0.0900000036,0.03414445
328,0.009333333,0.00717647,0.018666666,0.01821958,0.0280000009,0.03399837,0.037333332,0.03885037,0.0466666669,0.0422395,0.0560000017,0.05066641,0.0653333366,0.04379807,0.074666664,0.03720564,0.0839999989,0.03098832,0.0933333337,0.04289958
329,0.0096666664,0.00723656,0.0193333328,0.01825508,0.0289999992,0.03456082,0.0386666656,0.03877871,0.0483333319,0.04597479,0.0579999983,0.0588932,0.0676666647,0.05364574,0.0773333311,0.04703787,0.0869999975,0.03489684,0.0966666639,0.04729671
330,0.0099999998,0.00742743,0.0199999996,0.01835657,0.0299999993,0.03352189,0.0399999991,0.03877166,0.0500000007,0.05216447,0.0599999987,0.06304849,0.0700000003,0.05776027,0.0799999982,0.0518722,0.0900000036,0.03872121,0.1000000015,0.05895103
331,0.0099999998,0.00747859,0.0199999996,0.01797603,0.0299999993,0.03292154,0.0399999991,0.03889265,0.0500000007,0.05483663,0.0599999987,0.06527161,0.0700000003,0.06634434,0.0799999982,0.0609985,0.0900000036,0.04954452,0.1000000015,0.06405694
332,0.0099999998,0.00741856,0.0199999996,0.01778465,0.0299999993,0.03073384,0.0399999991,0.03959057,0.0500000007,0.0579027,0.0599999987,0.06793462,0.0700000003,0.06976751,0.0799999982,0.06622881,0.0900000036,0.05657793,0.1000000015,0.07180479
333,0.0099999998,0.00811744,0.0199999996,0.01890752,0.0299999993,0.03029051,0.0399999991,0.04200233,0.0500000007,0.05862174,0.0599999987,0.06858633,0.0700000003,0.07567212,0.0799999982,0.07781401,0.0900000036,0.06766388,0.1000000015,0.07554404
334,0.0099999998,0.0101429,0.0199999996,0.01987278,0.0299999993,0.03072325,0.0399999991,0.04406776,0.0500000007,0.05975866,0.0599999987,0.07274301,0.0700000003,0.07931139,0.0799999982,0.08232507,0.0900000036,0.07383925,0.1000000015,0.08371937
335,0.0099999998,0.01196554,0.0199999996,0.0233962,0.0299999993,0.03205563,0.0399999991,0.04876128,0.0500000007,0.06054614,0.0599999987,0.07526662,0.0700000003,0.08755829,0.0799999982,0.0907946,0.0900000036,0.08494104,0.1000000015,0.08897374
336,0.0099999998,0.01456838,0.0199999996,0.02499384,0.0299999993,0.03659911,0.0399999991,0.05093678,0.0500000007,0.0622312,0.0599999987,0.08251531,0.0700000003,0.0905066,0.0799999982,0.09452361,0.0900000036,0.0908289,0.1000000015,0.10223051
337,0.0099999998,0.01499272,0.0199999996,0.02775989,0.0299999993,0.03871573,0.0399999991,0.05338028,0.0500000007,0.06365538,0.0599999987,0.08584134,0.0700000003,0.09751275,0.0799999982,0.10189535,0.0900000036,0.10232313,0.1000000015,0.10816788
338,0.0099999998,0.0148812,0.0199999996,0.02842423,0.0299999993,0.04122754,0.0399999991,0.05443383,0.0500000007,0.06667259,0.0599999987,0.09094061,0.0700000003,0.10041223,0.0799999982,0.10526569,0.0900000036,0.10647224,0.1000000015,0.11811022
339,0.0099999998,0.01412443,0.0199999996,0.0294209,0.0299999993,0.04211116,0.0399999991,0.05570217,0.0500000007,0.06817899,0.0599999987,0.09250149,0.0700000003,0.10464518,0.0799999982,0.11362547,0.0900000036,0.1148026,0.1000000015,0.12267948
340,0.0099999998,0.01220676,0.0199999996,0.02941509,0.0299999993,0.04429888,0.0399999991,0.05555974,0.0500000007,0.06998359,0.0599999987,0.0946028,0.0700000003,0.10594118,0.0799999982,0.11806735,0.0900000036,0.11734037,0.1000000015,0.13102697
341,0.0099999998,0.01197173,0.0199999996,0.02913633,0.0299999993,0.04513851,0.0399999991,0.05570378,0.0500000007,0.07188908,0.0599999987,0.09364037,0.0700000003,0.11022411,0.0799999982,0.12647305,0.0900000036,0.12519458,0.1000000015,0.13384771
342,0.0099999998,0.01170051,0.0199999996,0.02683595,0.0299999993,0.04769871,0.0399999991,0.05589469,0.0500000007,0.07389615,0.0599999987,0.09201036,0.0700000003,0.11370827,0.0799999982,0.12883437,0.0900000036,0.12821561,0.1000000015,0.14001735
343,0.0099999998,0.011981,0.0199999996,0.02548945,0.0299999993,0.04774701,0.0399999991,0.05592392,0.0500000007,0.07369407,0.0599999987,0.09084473,0.0700000003,0.11560529,0.0799999982,0.13141777,0.0900000036,0.13328755,0.1000000015,0.14274983
344,0.0099999998,0.01311804,0.0199999996,0.02330404,0.0299999993,0.04670116,0.0399999991,0.0559272,0.0500000007,0.07414266,0.0599999987,0.089619,0.0700000003,0.11595446,0.0799999982,0.13220216,0.0900000036,0.1361706,0.1000000015,0.14656024
345,0.0099999998,0.01306084,0.0199999996,0.02222305,0.0299999993,0.04555602,0.0399999991,0.05608068,0.0500000007,0.07349119,0.0599999987,0.08781069,0.0700000003,0.11614592,0.0799999982,0.13168511,0.0900000036,0.13972612,0.1000000015,0.14871158
346,0.0099999998,0.01244926,0.0199999996,0.02211635,0.0299999993,0.04202463,0.0399999991,0.05609645,0.0500000007,0.07175468,0.0599999987,0.08653971,0.0700000003,0.11550219,0.0799999982,0.13208212,0.0900000036,0.14232211,0.1000000015,0.15070812
347,0.0099999998,0.01173802,0.0199999996,0.02221696,0.0299999993,0.04049374,0.0399999991,0.05522695,0.0500000007,0.07016128,0.0599999987,0.08567216,0.0700000003,0.10968632,0.0799999982,0.13093825,0.0900000036,0.14558513,0.1000000015,0.15197167
348,0.0099999998,0.00927736,0.0199999996,0.02187277,0.0299999993,0.03911325,0.0399999991,0.05425497,0.0500000007,0.06829991,0.0599999987,0.08217888,0.0700000003,0.10688262,0.0799999982,0.13113044,0.0900000036,0.14758587,0.1000000015,0.15248647
349,0.0099999998,0.00855353,0.0199999996,0.02174794,0.0299999993,0.03835241,0.0399999991,0.0508397,0.0500000007,0.06647032,0.0599999987,0.08087141,0.0700000003,0.10107363,0.0799999982,0.12909262,0.0900000036,0.14959332,0.1000000015,0.15348904
350,0.0099999998,0.00802497,0.0199999996,0.01974027,0.0299999993,0.03732838,0.0399999991,0.04912338,0.0500000007,0.06422625,0.0599999987,0.07736423,0.0700000003,0.09523769,0.0799999982,0.12778772,0.0900000036,0.14878295,0.1000000015,0.15152515
351,0.0099999998,0.00811286,0.0199999996,0.0185371,0.0299999993,0.03637465,0.0399999991,0.04614613,0.0500000007,0.06295343,0.0599999987,0.07547127,0.0700000003,0.0923055,0.0799999982,0.12446318,0.0900000036,0.14724813,0.1000000015,0.14922537
352,0.0099999998,0.00898129,0.0199999996,0.01675171,0.0299999993,0.03307184,0.0399999991,0.04466482,0.0500000007,0.05980363,0.0599999987,0.07332558,0.0700000003,0.08596623,0.0799999982,0.12151399,0.0900000036,0.14694771,0.1000000015,0.14342432
353,0.0099999998,0.00934066,0.0199999996,0.01578844,0.0299999993,0.03188903,0.0399999991,0.04134339,0.0500000007,0.05610989,0.0599999987,0.07219855,0.0700000003,0.08232591,0.0799999982,0.11539501,0.0900000036,0.14482181,0.1000000015,0.14081363
354,0.0099999998,0.0092347,0.0199999996,0.01565824,0.0299999993,0.0294995,0.0399999991,0.04047616,0.0500000007,0.05413933,0.0599999987,0.0699791,0.0700000003,0.07953788,0.0799999982,0.11228684,0.0900000036,0.14294429,0.1000000015,0.13850933
355,0.0099999998,0.00873699,0.0199999996,0.01569225,0.0299999993,0.02802484,0.0399999991,0.0381357,0.0500000007,0.05213067,0.0599999987,0.06969217,0.0700000003,0.07659105,0.0799999982,0.10561503,0.0900000036,0.14100823,0.1000000015,0.13789858
356,0.0099999998,0.00750666,0.0199999996,0.01680981,0.0299999993,0.02597927,0.0399999991,0.03746204,0.0500000007,0.04748479,0.0599999987,0.06661322,0.0700000003,0.07424245,0.0799999982,0.10243694,0.0900000036,0.13790049,0.1000000015,0.1395964
357,0.0099999998,0.00743703,0.0199999996,0.0170743,0.0299999993,0.02547739,0.0399999991,0.03729028,0.0500000007,0.04608657,0.0599999987,0.06543358,0.0700000003,0.07272285,0.0799999982,0.09533489,0.0900000036,0.13271466,0.1000000015,0.13913891
358,0.0099999998,0.0078872,0.0199999996,0.01713182,0.0299999993,0.02523653,0.0399999991,0.03728776,0.0500000007,0.04473077,0.0599999987,0.06114032,0.0700000003,0.06991409,0.0799999982,0.09223954,0.0900000036,0.13026837,0.1000000015,0.13831998
359,0.0099999998,0.00834841,0.0199999996,0.01695925,0.0299999993,0.02512552,0.0399999991,0.03651495,0.0500000007,0.04371822,0.0599999987,0.0597253,0.0700000003,0.06847844,0.0799999982,0.08654044,0.0900000036,0.12355494,0.1000000015,0.13666642
360,0.0099999998,0.00999265,0.0199999996,0.01658769,0.0299999993,0.02498937,0.0399999991,0.03570697,0.0500000007,0.04246709,0.0599999987,0.05673608,0.0700000003,0.06552695,0.0799999982,0.08359431,0.0900000036,0.12012149,0.1000000015,0.13379981
361,0.0099999998,0.01047977,0.0199999996,0.0166133,0.0299999993,0.02543376,0.0399999991,0.03365444,0.0500000007,0.04233056,0.0599999987,0.05608677,0.0700000003,0.06382816,0.0799999982,0.07843684,0.0900000036,0.11292952,0.1000000015,0.13282652
362,0.0099999998,0.01049655,0.0199999996,0.01792849,0.0299999993,0.02585319,0.0399999991,0.03303928,0.0500000007,0.04094527,0.0599999987,0.05423169,0.0700000003,0.06194302,0.0799999982,0.07671363,0.0900000036,0.10831901,0.1000000015,0.13042097
363,0.0099999998,0.01030054,0.0199999996,0.01860629,0.0299999993,0.02591365,0.0399999991,0.03188813,0.0500000007,0.04063663,0.0599999987,0.05379796,0.0700000003,0.05990245,0.0799999982,0.07216103,0.0900000036,0.09776518,0.1000000015,0.12896
364,0.0099999998,0.00940456,0.0199999996,0.01994634,0.0299999993,0.02608439,0.0399999991,0.03217755,0.0500000007,0.0397517,0.0599999987,0.05216659,0.0700000003,0.05749118,0.0799999982,0.07093972,0.0900000036,0.08796306,0.1000000015,0.12524706
365,0.0099999998,0.00928549,0.0199999996,0.02043618,0.0299999993,0.02619849,0.0399999991,0.03363358,0.0500000007,0.03998862,0.0599999987,0.05128163,0.0700000003,0.05662025,0.0799999982,0.06654473,0.0900000036,0.08302251,0.1000000015,0.1228993
366,0.0099999998,0.00965951,0.0199999996,0.02106617,0.0299999993,0.0272211,0.0399999991,0.0349628,0.0500000007,0.04123944,0.0599999987,0.04988343,0.0700000003,0.05492548,0.0799999982,0.06565443,0.0900000036,0.07836275,0.1000000015,0.11717463
367,0.0099999998,0.01067648,0.0199999996,0.02097714,0.0299999993,0.02792669,0.0399999991,0.03790443,0.0500000007,0.04255736,0.0599999987,0.04921636,0.0700000003,0.05436265,0.0799999982,0.06231477,0.0900000036,0.0700229,0.1000000015,0.11496243
368,0.0099999998,0.01117642,0.0199999996,0.02075551,0.0299999993,0.02974589,0.0399999991,0.03875715,0.0500000007,0.04422168,0.0599999987,0.04914144,0.0700000003,0.05442356,0.0799999982,0.06228961,0.0900000036,0.0663237,0.1000000015,0.10803717
369,0.0099999998,0.01168617,0.0199999996,0.02108788,0.0299999993,0.03065772,0.0399999991,0.03948263,0.0500000007,0.04550936,0.0599999987,0.04976271,0.0700000003,0.05477619,0.0799999982,0.05990053,0.0900000036,0.06198334,0.1000000015,0.09974867
370,0.0099999998,0.01159493,0.0199999996,0.02103232,0.0299999993,0.03192703,0.0399999991,0.03959461,0.0500000007,0.04699139,0.0599999987,0.05128556,0.0700000003,0.05574891,0.0799999982,0.06030867,0.0900000036,0.06012888,0.1000000015,0.09509212
371,0.0099999998,0.01066347,0.0199999996,0.02113795,0.0299999993,0.0325027,0.0399999991,0.03872004,0.0500000007,0.04763366,0.0599999987,0.05273323,0.0700000003,0.0570446,0.0799999982,0.0588809,0.0900000036,0.05699524,0.1000000015,0.08876333
372,0.0099999998,0.01042133,0.0199999996,0.02161244,0.0299999993,0.03328792,0.0399999991,0.03888357,0.0500000007,0.04886637,0.0599999987,0.05561773,0.0700000003,0.05958897,0.0799999982,0.06007847,0.0900000036,0.0555094,0.1000000015,0.08595419
373,0.0099999998,0.00956792,0.0199999996,0.02169127,0.0299999993,0.0336083,0.0399999991,0.03943068,0.0500000007,0.04986526,0.0599999987,0.05688635,0.0700000003,0.06051313,0.0799999982,0.06015804,0.0900000036,0.05316014,0.1000000015,0.08245935
374,0.0099999998,0.00938346,0.0199999996,0.02186522,0.0299999993,0.03437704,0.0399999991,0.04080135,0.0500000007,0.05182632,0.0599999987,0.05934488,0.0700000003,0.06293739,0.0799999982,0.06114176,0.0900000036,0.0518452,0.1000000015,0.08141845
375,0.0099999998,0.00993124,0.0199999996,0.02159409,0.0299999993,0.03409244,0.0399999991,0.04364482,0.0500000007,0.05309564,0.0599999987,0.06009854,0.0700000003,0.06384759,0.0799999982,0.06230604,0.0900000036,0.05139001,0.1000000015,0.07914282
376,0.0099999998,0.01029121,0.0199999996,0.02112123,0.0299999993,0.03440939,0.0399999991,0.04455685,0.0500000007,0.05503332,0.0599999987,0.06053787,0.0700000003,0.06661087,0.0799999982,0.0638181,0.0900000036,0.05242914,0.1000000015,0.07859036
377,0.0099999998,0.01076373,0.0199999996,0.02063124,0.0299999993,0.03486758,0.0399999991,0.04574913,0.0500000007,0.05540366,0.0599999987,0.06114849,0.0700000003,0.06803896,0.0799999982,0.06451822,0.0900000036,0.05423006,0.1000000015,0.0774173
378,0.0099999998,0.01101182,0.0199999996,0.020063,0.0299999993,0.03507351,0.0399999991,0.0451715,0.0500000007,0.05665858,0.0599999987,0.06253035,0.0700000003,0.07239337,0.0799999982,0.06614585,0.0900000036,0.058828,0.1000000015,0.07741112
379,0.0099999998,0.01031649,0.0199999996,0.01995063,0.0299999993,0.03525922,0.0399999991,0.043477,0.0500000007,0.05742506,0.0599999987,0.0632233,0.0700000003,0.07369818,0.0799999982,0.07077882,0.0900000036,0.06139293,0.1000000015,0.07588194
380,0.0099999998,0.00983005,0.0199999996,0.02000932,0.0299999993,0.03520202,0.0399999991,0.04308955,0.0500000007,0.05699708,0.0599999987,0.06656535,0.0700000003,0.07607001,0.0799999982,0.07343096,0.0900000036,0.06414388,0.1000000015,0.07603694
381,0.0099999998,0.00904162,0.0199999996,0.01996602,0.0299999993,0.03464339,0.0399999991,0.04281868,0.0500000007,0.05620911,0.0599999987,0.06807485,0.0700000003,0.0764076,0.0799999982,0.0773679,0.0900000036,0.06769466,0.1000000015,0.07568824
382,0.0099999998,0.00889118,0.0199999996,0.01971003,0.0299999993,0.03358524,0.0399999991,0.04251805,0.0500000007,0.05563965,0.0599999987,0.07048315,0.0700000003,0.07871844,0.0799999982,0.08032604,0.0900000036,0.07056093,0.1000000015,0.07645862
383,0.0099999998,0.00895784,0.0199999996,0.01944268,0.0299999993,0.0332288,0.0399999991,0.0434663,0.0500000007,0.05531937,0.0599999987,0.07155253,0.0700000003,0.07881793,0.0799999982,0.08362576,0.0900000036,0.07589747,0.1000000015,0.07700247
384,0.0099999998,0.00963137,0.0199999996,0.01900051,0.0299999993,0.032504,0.0399999991,0.04420304,0.0500000007,0.05507649,0.0599999987,0.07047953,0.0700000003,0.08038836,0.0799999982,0.08621775,0.0900000036,0.0798908,0.1000000015,0.07832602
385,0.0099999998,0.01015503,0.0199999996,0.01878214,0.0299999993,0.03232312,0.0399999991,0.04456525,0.0500000007,0.05532198,0.0599999987,0.06808417,0.0700000003,0.08013733,0.0799999982,0.09074908,0.0900000036,0.08618909,0.1000000015,0.08121976
386,0.0099999998,0.01033056,0.0199999996,0.01869745,0.0299999993,0.03193761,0.0399999991,0.0443785,0.0500000007,0.05488461,0.0599999987,0.06783627,0.0700000003,0.08117221,0.0799999982,0.09125119,0.0900000036,0.09021288,0.1000000015,0.08292039
387,0.0099999998,0.01032389,0.0199999996,0.01875473,0.0299999993,0.03183331,0.0399999991,0.04259166,0.0500000007,0.05460931,0.0599999987,0.06664056,0.0700000003,0.08029608,0.0799999982,0.09314232,0.0900000036,0.09774056,0.1000000015,0.08663066
388,0.0099999998,0.00960226,0.0199999996,0.01911367,0.0299999993,0.03100604,0.0399999991,0.04159281,0.0500000007,0.05288858,0.0599999987,0.06494975,0.0700000003,0.08138695,0.0799999982,0.09398361,0.0900000036,0.10075745,0.1000000015,0.08822706
389,0.0099999998,0.00935057,0.0199999996,0.01922571,0.0299999993,0.03042794,0.0399999991,0.03994428,0.0500000007,0.05200364,0.0599999987,0.0643016,0.0700000003,0.08103414,0.0799999982,0.0962376,0.0900000036,0.10582078,0.1000000015,0.09112874
390,0.0099999998,0.00937075,0.0199999996,0.01935492,0.0299999993,0.03012128,0.0399999991,0.03944809,0.0500000007,0.0502892,0.0599999987,0.06432365,0.0700000003,0.076921,0.0799999982,0.09563407,0.0900000036,0.1072731,0.1000000015,0.09286795
391,0.0099999998,0.00932577,0.0199999996,0.01943148,0.0299999993,0.03002635,0.0399999991,0.03999855,0.0500000007,0.04992644,0.0599999987,0.0635526,0.0700000003,0.07530503,0.0799999982,0.09581914,0.0900000036,0.10968907,0.1000000015,0.09747595
392,0.0099999998,0.00998803,0.0199999996,0.01927602,0.0299999993,0.03009483,0.0399999991,0.0405531,0.0500000007,0.04853456,0.0599999987,0.06366259,0.0700000003,0.0752037,0.0799999982,0.09498072,0.0900000036,0.11017075,0.1000000015,0.09872828
393,0.0099999998,0.01030874,0.0199999996,0.01943236,0.0299999993,0.02995166,0.0399999991,0.04042494,0.0500000007,0.04882514,0.0599999987,0.06391945,0.0700000003,0.07516909,0.0799999982,0.09517442,0.0900000036,0.11013624,0.1000000015,0.10135644
394,0.0099999998,0.010509,0.0199999996,0.01961245,0.0299999993,0.02969093,0.0399999991,0.04059146,0.0500000007,0.04921675,0.0599999987,0.06287866,0.0700000003,0.07494158,0.0799999982,0.09530608,0.0900000036,0.11024521,0.1000000015,0.10349034
395,0.0099999998,0.01042422,0.0199999996,0.01976658,0.0299999993,0.02945466,0.0399999991,0.03968987,0.0500000007,0.04928933,0.0599999987,0.06183676,0.0700000003,0.0753805,0.0799999982,0.09639025,0.0900000036,0.11054052,0.1000000015,0.10885094
396,0.0099999998,0.010072,0.0199999996,0.01999032,0.0299999993,0.02952169,0.0399999991,0.03874472,0.0500000007,0.04806084,0.0599999987,0.06084881,0.0700000003,0.07353375,0.0799999982,0.09642559,0.0900000036,0.11138302,0.1000000015,0.11269791
397,0.0099999998,0.0096451,0.0199999996,0.02013284,0.0299999993,0.02945418,0.0399999991,0.03783976,0.0500000007,0.04830863,0.0599999987,0.05923321,0.0700000003,0.07296838,0.0799999982,0.09789908,0.0900000036,0.11283751,0.1000000015,0.11422722
398,0.0099999998,0.00959507,0.0199999996,0.02022616,0.0299999993,0.02999733,0.0399999991,0.03758896,0.0500000007,0.04834595,0.0599999987,0.05901242,0.0700000003,0.07042193,0.0799999982,0.09602681,0.0900000036,0.11447844,0.1000000015,0.11710726
399,0.0099999998,0.00964958,0.0199999996,0.02025813,0.0299999993,0.03025895,0.0399999991,0.0382331,0.0500000007,0.04821682,0.0599999987,0.05930367,0.0700000003,0.06892495,0.0799999982,0.09212581,0.0900000036,0.11438645,0.1000000015,0.11839779
400,0.0099999998,0.01012042,0.0199999996,0.02036193,0.0299999993,0.03079831,0.0399999991,0.03844814,0.0500000007,0.04763736,0.0599999987,0.05962068,0.0700000003,0.06730679,0.0799999982,0.08961034,0.0900000036,0.11401077,0.1000000015,0.11929242
401,0.0099999998,0.0102633,0.0199999996,0.02019805,0.0299999993,0.03105514,0.0399999991,0.04029421,0.0500000007,0.04754898,0.0599999987,0.06064346,0.0700000003,0.0671432,0.0799999982,0.08582969,0.0900000036,0.11261204,0.1000000015,0.11914296
402,0.0099999998,0.0102758,0.0199999996,0.02033266,0.0299999993,0.03112182,0.0399999991,0.04078322,0.0500000007,0.04752397,0.0599999987,0.06041479,0.0700000003,0.06597883,0.0799999982,0.08361929,0.0900000036,0.11006337,0.1000000015,0.11914664
403,0.0099999998,0.0102914,0.0199999996,0.02031036,0.0299999993,0.03123028,0.0399999991,0.04068216,0.0500000007,0.04826732,0.0599999987,0.05956136,0.0700000003,0.0667145,0.0799999982,0.08247261,0.0900000036,0.10862878,0.1000000015,0.12037175
404,0.0099999998,0.00994557,0.0199999996,0.02032082,0.0299999993,0.03110876,0.0399999991,0.0411518,0.0500000007,0.05002085,0.0599999987,0.05928533,0.0700000003,0.06752982,0.0799999982,0.08106527,0.0900000036,0.10686941,0.1000000015,0.12172057
405,0.0099999998,0.00958438,0.0199999996,0.02026525,0.0299999993,0.03152156,0.0399999991,0.04099079,0.0500000007,0.05059214,0.0599999987,0.05789231,0.0700000003,0.06843656,0.0799999982,0.08073106,0.0900000036,0.10275903,0.1000000015,0.12252799
406,0.0099999998,0.00957839,0.0199999996,0.02031822,0.0299999993,0.03198994,0.0399999991,0.04039677,0.0500000007,0.05132111,0.0599999987,0.05788778,0.0700000003,0.0666969,0.0799999982,0.08135173,0.0900000036,0.10136339,0.1000000015,0.12291343
407,0.0099999998,0.00957091,0.0199999996,0.02012389,0.0299999993,0.03231567,0.0399999991,0.0399783,0.0500000007,0.05132386,0.0599999987,0.05899088,0.0700000003,0.06685928,0.0799999982,0.07982723,0.0900000036,0.09726052,0.1000000015,0.12253615
408,0.0099999998,0.00984667,0.0199999996,0.02018711,0.0299999993,0.03269944,0.0399999991,0.04023021,0.0500000007,0.05067497,0.0599999987,0.0598916,0.0700000003,0.06645791,0.0799999982,0.07926793,0.0900000036,0.09454942,0.1000000015,0.12118543
409,0.0099999998,0.00997933,0.0199999996,0.02014134,0.0299999993,0.03284123,0.0399999991,0.04078977,0.0500000007,0.05055409,0.0599999987,0.06220383,0.0700000003,0.06596394,0.0799999982,0.07642174,0.0900000036,0.09025142,0.1000000015,0.12024263
410,0.0099999998,0.01018793,0.0199999996,0.02002169,0.0299999993,0.03243461,0.0399999991,0.04184265,0.0500000007,0.05078029,0.0599999987,0.06386563,0.0700000003,0.06447719,0.0799999982,0.07481826,0.0900000036,0.08776392,0.1000000015,0.11832046
411,0.0099999998,0.01007387,0.0199999996,0.01997272,0.0299999993,0.03245988,0.0399999991,0.04216605,0.0500000007,0.05095862,0.0599999987,0.06364343,0.0700000003,0.06549402,0.0799999982,0.0733595,0.0900000036,0.08389291,0.1000000015,0.11721249
412,0.0099999998,0.00989168,0.0199999996,0.01993003,0.0299999993,0.03216059,0.0399999991,0.04215254,0.0500000007,0.05273259,0.0599999987,0.06271287,0.0700000003,0.0673978,0.0799999982,0.07301803,0.0900000036,0.08198622,0.1000000015,0.11557687
413,0.0099999998,0.0097596,0.0199999996,0.01972765,0.0299999993,0.03218448,0.0399999991,0.04163975,0.0500000007,0.05287189,0.0599999987,0.06119197,0.0700000003,0.06792988,0.0799999982,0.07205758,0.0900000036,0.08081742,0.1000000015,0.11416098
414,0.0099999998,0.00969964,0.0199999996,0.01981153,0.0299999993,0.03239813,0.0399999991,0.04129845,0.0500000007,0.05317772,0.0599999987,0.06014965,0.0700000003,0.07072275,0.0799999982,0.07373102,0.0900000036,0.08018519,0.1000000015,0.11183229
415,0.0099999998,0.00969754,0.0199999996,0.01981662,0.0299999993,0.03222439,0.0399999991,0.04084831,0.0500000007,0.05309628,0.0599999987,0.06090295,0.0700000003,0.07215756,0.0799999982,0.07527912,0.0900000036,0.07760721,0.1000000015,0.11076619
416,0.0099999998,0.0098144,0.0199999996,0.01978105,0.0299999993,0.03203011,0.0399999991,0.04101918,0.0500000007,0.05175237,0.0599999987,0.06142309,0.0700000003,0.07273793,0.0799999982,0.07587656,0.0900000036,0.07606877,0.1000000015,0.10725638
417,0.0099999998,0.00995429,0.0199999996,0.01980516,0.0299999993,0.0319332,0.0399999991,0.04085148,0.0500000007,0.05152963,0.0599999987,0.0640135,0.0700000003,0.0721673,0.0799999982,0.07654634,0.0900000036,0.07569133,0.1000000015,0.106292
418,0.0099999998,0.01002884,0.0199999996,0.01980701,0.0299999993,0.0317775,0.0399999991,0.04122351,0.0500000007,0.05121567,0.0599999987,0.06511822,0.0700000003,0.07045769,0.0799999982,0.07745985,0.0900000036,0.07612252,0.1000000015,0.10339895
419,0.0099999998,0.00998326,0.0199999996,0.0198375,0.0299999993,0.03168569,0.0399999991,0.04167614,0.0500000007,0.05124635,0.0599999987,0.06463102,0.0700000003,0.06913216,0.0799999982,0.07712248,0.0900000036,0.07560647,0.1000000015,0.10178025
420,0.0099999998,0.01011144,0.0199999996,0.01976966,0.0299999993,0.03155391,0.0399999991,0.04113165,0.0500000007,0.05148587,0.0599999987,0.06453106,0.0700000003,0.0692877,0.0799999982,0.07705348,0.0900000036,0.07522179,0.1000000015,0.10026494
421,0.0099999998,0.01007201,0.0199999996,0.01987573,0.0299999993,0.03148334,0.0399999991,0.04099846,0.0500000007,0.05120372,0.0599999987,0.06280776,0.0700000003,0.06939881,0.0799999982,0.0758905,0.0900000036,0.07515812,0.1000000015,0.09847903
422,0.0099999998,0.00993391,0.0199999996,0.01984383,0.0299999993,0.03139866,0.0399999991,0.04076177,0.0500000007,0.05196166,0.0599999987,0.06133161,0.0700000003,0.07168035,0.0799999982,0.07626183,0.0900000036,0.07602347,0.1000000015,0.09776376
423,0.0099999998,0.0099476,0.0199999996,0.01982088,0.0299999993,0.03129304,0.0399999991,0.04027117,0.0500000007,0.05087489,0.0599999987,0.06123003,0.0700000003,0.07244285,0.0799999982,0.07756781,0.0900000036,0.07775283,0.1000000015,0.09719473
424,0.0099999998,0.00965867,0.0199999996,0.01979493,0.0299999993,0.03125259,0.0399999991,0.04018913,0.0500000007,0.05048329,0.0599999987,0.06104104,0.0700000003,0.07433584,0.0799999982,0.0790872,0.0900000036,0.0796383,0.1000000015,0.09686734
425,0.0099999998,0.00973839,0.0199999996,0.01983512,0.0299999993,0.03096144,0.0399999991,0.04033352,0.0500000007,0.04998892,0.0599999987,0.06231214,0.0700000003,0.07465768,0.0799999982,0.0817174,0.0900000036,0.08084401,0.1000000015,0.09578075
426,0.0099999998,0.00987156,0.0199999996,0.01972587,0.0299999993,0.03099579,0.0399999991,0.04055762,0.0500000007,0.04981102,0.0599999987,0.06309935,0.0700000003,0.07445303,0.0799999982,0.08417068,0.0900000036,0.08317073,0.1000000015,0.09429973
427,0.0099999998,0.00987165,0.0199999996,0.01990613,0.0299999993,0.03084888,0.0399999991,0.04087035,0.0500000007,0.04925519,0.0599999987,0.06380117,0.0700000003,0.0734295,0.0799999982,0.08475725,0.0900000036,0.08432044,0.1000000015,0.09269896
428,0.0099999998,0.01021586,0.0199999996,0.01989196,0.0299999993,0.03098956,0.0399999991,0.04089875,0.0500000007,0.05009065,0.0599999987,0.06373274,0.0700000003,0.07130258,0.0799999982,0.08508971,0.0900000036,0.0853356,0.1000000015,0.09201486
429,0.0099999998,0.01020912,0.0199999996,0.02012948,0.0299999993,0.0312802,0.0399999991,0.04053979,0.0500000007,0.05023832,0.0599999987,0.06290816,0.0700000003,0.06984636,0.0799999982,0.08373223,0.0900000036,0.08671889,0.1000000015,0.0921158
430,0.0099999998,0.00983771,0.0199999996,0.02011414,0.0299999993,0.03114942,0.0399999991,0.04004835,0.0500000007,0.05024356,0.0599999987,0.06216603,0.0700000003,0.0699626,0.0799999982,0.08300487,0.0900000036,0.08817914,0.1000000015,0.09193631
431,0.0099999998,0.0099378,0.0199999996,0.02015049,0.0299999993,0.0310886,0.0399999991,0.04021643,0.0500000007,0.05093343,0.0599999987,0.06067283,0.0700000003,0.07032523,0.0799999982,0.08378529,0.0900000036,0.08991998,0.1000000015,0.09300216
432,0.0099999998,0.00960416,0.0199999996,0.02000199,0.0299999993,0.03118749,0.0399999991,0.03994394,0.0500000007,0.05084203,0.0599999987,0.06025624,0.0700000003,0.07154388,0.0799999982,0.084115,0.0900000036,0.0931987,0.1000000015,0.0931554
433,0.0099999998,0.00945663,0.0199999996,0.01997423,0.0299999993,0.03106875,0.0399999991,0.04042881,0.0500000007,0.0501521,0.0599999987,0.06063852,0.0700000003,0.07203624,0.0799999982,0.08630197,0.0900000036,0.09419133,0.1000000015,0.0927634
434,0.0099999998,0.01003625,0.0199999996,0.0198924,0.0299999993,0.03136551,0.0399999991,0.04087662,0.0500000007,0.05015041,0.0599999987,0.06108782,0.0700000003,0.0724963,0.0799999982,0.08752775,0.0900000036,0.09516998,0.1000000015,0.09285832
435,0.0099999998,0.00985683,0.0199999996,0.01984764,0.0299999993,0.03129783,0.0399999991,0.04079032,0.0500000007,0.04946089,0.0599999987,0.06312338,0.0700000003,0.07224417,0.0799999982,0.08721959,0.0900000036,0.09626408,0.1000000015,0.09262808
436,0.0099999998,0.00997623,0.0199999996,0.02002312,0.0299999993,0.03165011,0.0399999991,0.04096137,0.0500000007,0.04955913,0.0599999987,0.06405494,0.0700000003,0.0705256,0.0799999982,0.0876682,0.0900000036,0.09708665,0.1000000015,0.09330064
437,0.0099999998,0.01024993,0.0199999996,0.01989117,0.0299999993,0.03171298,0.0399999991,0.04081314,0.0500000007,0.05061264,0.0599999987,0.06308351,0.0700000003,0.06958364,0.0799999982,0.08602386,0.0900000036,0.09731814,0.1000000015,0.09452622
438,0.0099999998,0.00989977,0.0199999996,0.02002954,0.0299999993,0.03157374,0.0399999991,0.04072566,0.0500000007,0.0509462,0.0599999987,0.06273244,0.0700000003,0.06875953,0.0799999982,0.0850722,0.0900000036,0.09619257,0.1000000015,0.09528316
439,0.0099999998,0.00970548,0.0199999996,0.02001784,0.0299999993,0.03177366,0.0399999991,0.04070954,0.0500000007,0.05147789,0.0599999987,0.06034579,0.0700000003,0.06901702,0.0799999982,0.08495507,0.0900000036,0.09638189,0.1000000015,0.09705024
440,0.0099999998,0.00963715,0.0199999996,0.0199345,0.0299999993,0.03179924,0.0399999991,0.04080084,0.0500000007,0.05163465,0.0599999987,0.05915749,0.0700000003,0.0704911,0.0799999982,0.08381044,0.0900000036,0.09694214,0.1000000015,0.09743325
441,0.0099999998,0.00976714,0.0199999996,0.01996145,0.0299999993,0.03179231,0.0399999991,0.04059954,0.0500000007,0.0507128,0.0599999987,0.0598577,0.0700000003,0.07032738,0.0799999982,0.0835383,0.0900000036,0.09748165,0.1000000015,0.09818202
442,0.0099999998,0.00993779,0.0199999996,0.0197838,0.0299999993,0.03191709,0.0399999991,0.04096444,0.0500000007,0.05082582,0.0599999987,0.06021527,0.0700000003,0.07144856,0.0799999982,0.08398574,0.0900000036,0.09914227,0.1000000015,0.0990864
443,0.0099999998,0.00999783,0.0199999996,0.01966298,0.0299999993,0.03157961,0.0399999991,0.04094021,0.0500000007,0.05093039,0.0599999987,0.0623381,0.0700000003,0.07103333,0.0799999982,0.08365138,0.0900000036,0.09918487,0.1000000015,0.09995193
444,0.0099999998,0.01017169,0.0199999996,0.01975516,0.0299999993,0.03163108,0.0399999991,0.04103877,0.0500000007,0.05101498,0.0599999987,0.06415689,0.0700000003,0.06976331,0.0799999982,0.08419234,0.0900000036,0.09830165,0.1000000015,0.10086549
445,0.0099999998,0.01000719,0.0199999996,0.01968544,0.0299999993,0.03158115,0.0399999991,0.04112288,0.0500000007,0.05168873,0.0599999987,0.06375146,0.0700000003,0.06946559,0.0799999982,0.08360402,0.0900000036,0.0977198,0.1000000015,0.10282879
446,0.0099999998,0.01006276,0.0199999996,0.02002148,0.0299999993,0.03156817,0.0399999991,0.04101894,0.0500000007,0.05168695,0.0599999987,0.06362179,0.0700000003,0.06833306,0.0799999982,0.08322454,0.0900000036,0.09460834,0.1000000015,0.1035294
447,0.0099999998,0.00983437,0.0199999996,0.01992334,0.0299999993,0.03178734,0.0399999991,0.04104204,0.0500000007,0.0517002,0.0599999987,0.06301954,0.0700000003,0.06739451,0.0799999982,0.0817056,0.0900000036,0.09278394,0.1000000015,0.10474797
448,0.0099999998,0.00969152,0.0199999996,0.0199927,0.0299999993,0.03174929,0.0399999991,0.04092121,0.0500000007,0.05141122,0.0599999987,0.06147876,0.0700000003,0.06949027,0.0799999982,0.08142015,0.0900000036,0.09182279,0.1000000015,0.10550687
449,0.0099999998,0.00984981,0.0199999996,0.01995795,0.0299999993,0.03179079,0.0399999991,0.04055017,0.0500000007,0.05056311,0.0599999987,0.06103649,0.0700000003,0.07010296,0.0799999982,0.08027782,0.0900000036,0.0912838,0.1000000015,0.10646286
450,0.0099999998,0.0098222,0.0199999996,0.01971207,0.0299999993,0.0316731,0.0399999991,0.04047844,0.0500000007,0.05071255,0.0599999987,0.06083912,0.0700000003,0.07245467,0.0799999982,0.07979365,0.0900000036,0.09164776,0.1000000015,0.10719706
451,0.0099999998,0.00987134,0.0199999996,0.01974357,0.0299999993,0.0313429,0.0399999991,0.04066935,0.0500000007,0.05054867,0.0599999987,0.06158912,0.0700000003,0.07330354,0.0799999982,0.07952251,0.0900000036,0.09165226,0.1000000015,0.10843083
452,0.0099999998,0.0099899,0.0199999996,0.01961421,0.0299999993,0.03113282,0.0399999991,0.04054944,0.0500000007,0.05079456,0.0599999987,0.06242152,0.0700000003,0.07188444,0.0799999982,0.08042223,0.0900000036,0.09065343,0.1000000015,0.10873459
453,0.0099999998,0.00992427,0.0199999996,0.01993746,0.0299999993,0.03134125,0.0399999991,0.04104823,0.0500000007,0.05145617,0.0599999987,0.06378713,0.0700000003,0.07111214,0.0799999982,0.08048726,0.0900000036,0.08805794,0.1000000015,0.10843492
454,0.0099999998,0.00994954,0.0199999996,0.01995179,0.0299999993,0.03129469,0.0399999991,0.04103112,0.0500000007,0.05091255,0.0599999987,0.06390821,0.0700000003,0.06936061,0.0799999982,0.08071784,0.0900000036,0.0868929,0.1000000015,0.10878947
455,0.0099999998,0.00996921,0.0199999996,0.02007504,0.0299999993,0.03160026,0.0399999991,0.04068723,0.0500000007,0.05113831,0.0599999987,0.06306823,0.0700000003,0.06867106,0.0799999982,0.07995809,0.0900000036,0.08584902,0.1000000015,0.10824043
456,0.0099999998,0.00991957,0.0199999996,0.02037006,0.0299999993,0.03156362,0.0399999991,0.04087774,0.0500000007,0.05049481,0.0599999987,0.06239629,0.0700000003,0.07069862,0.0799999982,0.08061575,0.0900000036,0.08485654,0.1000000015,0.10839914
457,0.0099999998,0.00989706,0.0199999996,0.02006195,0.0299999993,0.03124395,0.0399999991,0.04046632,0.0500000007,0.05026988,0.0599999987,0.06047057,0.0700000003,0.07078735,0.0799999982,0.08057918,0.0900000036,0.08503108,0.1000000015,0.10844503
458,0.0099999998,0.00983281,0.0199999996,0.01990744,0.0299999993,0.03146106,0.0399999991,0.04021671,0.0500000007,0.04993767,0.0599999987,0.0601078,0.0700000003,0.07272614,0.0799999982,0.07918171,0.0900000036,0.08503062,0.1000000015,0.10853361
459,0.0099999998,0.00994317,0.0199999996,0.01986888,0.0299999993,0.03125287,0.0399999991,0.04033679,0.0500000007,0.04972292,0.0599999987,0.06057318,0.0700000003,0.0729269,0.0799999982,0.08019708,0.0900000036,0.08502775,0.1000000015,0.10856143
460,0.0099999998,0.00991368,0.0199999996,0.01963113,0.0299999993,0.03125959,0.0399999991,0.0406873,0.0500000007,0.04974873,0.0599999987,0.06125331,0.0700000003,0.07160377,0.0799999982,0.08003211,0.0900000036,0.08504395,0.1000000015,0.10792198
461,0.0099999998,0.00984303,0.0199999996,0.02024164,0.0299999993,0.03163607,0.0399999991,0.04064381,0.0500000007,0.05023035,0.0599999987,0.06357285,0.0700000003,0.07150483,0.0799999982,0.08002468,0.0900000036,0.08433275,0.1000000015,0.10733971
462,0.0099999998,0.00982616,0.0199999996,0.02019982,0.0299999993,0.03156041,0.0399999991,0.04093906,0.0500000007,0.05065605,0.0599999987,0.06543971,0.0700000003,0.07047667,0.0799999982,0.08052266,0.0900000036,0.08430554,0.1000000015,0.10668963
463,0.0099999998,0.00997107,0.0199999996,0.02006794,0.0299999993,0.03144222,0.0399999991,0.04100462,0.0500000007,0.051285,0.0599999987,0.06444394,0.0700000003,0.06867104,0.0799999982,0.08069037,0.0900000036,0.08452855,0.1000000015,0.10562438
464,0.0099999998,0.00988356,0.0199999996,0.02013134,0.0299999993,0.03164095,0.0399999991,0.04080227,0.0500000007,0.05142698,0.0599999987,0.06443431,0.0700000003,0.06875864,0.0799999982,0.08133566,0.0900000036,0.08480333,0.1000000015,0.10523778
465,0.0099999998,0.00990857,0.0199999996,0.01985852,0.0299999993,0.03141852,0.0399999991,0.04082259,0.0500000007,0.0510364,0.0599999987,0.06184652,0.0700000003,0.06972677,0.0799999982,0.08268578,0.0900000036,0.0858987,0.1000000015,0.104853
466,0.0099999998,0.00994783,0.0199999996,0.01957868,0.0299999993,0.03140797,0.0399999991,0.04081504,0.0500000007,0.05057859,0.0599999987,0.05911927,0.0700000003,0.0717206,0.0799999982,0.08266343,0.0900000036,0.08625469,0.1000000015,0.1049577
467,0.0099999998,0.00998656,0.0199999996,0.01953479,0.0299999993,0.03150164,0.0399999991,0.04074804,0.0500000007,0.05061428,0.0599999987,0.05928384,0.0700000003,0.07214414,0.0799999982,0.08266646,0.0900000036,0.08724472,0.1000000015,0.10400337
468,0.0099999998,0.00988956,0.0199999996,0.0197271,0.0299999993,0.03153502,0.0399999991,0.04070548,0.0500000007,0.05014285,0.0599999987,0.05914216,0.0700000003,0.07251184,0.0799999982,0.08227366,0.0900000036,0.08751234,0.1000000015,0.1031407
469,0.0099999998,0.01000613,0.0199999996,0.01984345,0.0299999993,0.03174773,0.0399999991,0.04089433,0.0500000007,0.05064247,0.0599999987,0.0589115,0.0700000003,0.07192596,0.0799999982,0.0812118,0.0900000036,0.08738147,0.1000000015,0.10213198
470,0.0099999998,0.00999457,0.0199999996,0.02008182,0.0299999993,0.03195058,0.0399999991,0.0409881,0.0500000007,0.05136031,0.0599999987,0.06303161,0.0700000003,0.06947117,0.0799999982,0.08180413,0.0900000036,0.08792788,0.1000000015,0.10024455
471,0.0099999998,0.00994598,0.0199999996,0.01998118,0.0299999993,0.03178573,0.0399999991,0.04100826,0.0500000007,0.05117555,0.0599999987,0.06438506,0.0700000003,0.06882731,0.0799999982,0.08217888,0.0900000036,0.08830084,0.1000000015,0.10031762
472,0.0099999998,0.0099191,0.0199999996,0.01991852,0.0299999993,0.03161188,0.0399999991,0.04110806,0.0500000007,0.05142701,0.0599999987,0.06559922,0.0700000003,0.06850706,0.0799999982,0.0823011,0.0900000036,0.08850856,0.1000000015,0.10001549
473,0.0099999998,0.00979932,0.0199999996,0.01994658,0.0299999993,0.03137846,0.0399999991,0.04096232,0.0500000007,0.05064454,0.0599999987,0.06569289,0.0700000003,0.06831321,0.0799999982,0.08420306,0.0900000036,0.08965528,0.1000000015,0.10041828
474,0.0099999998,0.00981597,0.0199999996,0.01939197,0.0299999993,0.03108568,0.0399999991,0.04079815,0.0500000007,0.0506747,0.0599999987,0.06120641,0.0700000003,0.07057423,0.0799999982,0.08441382,0.0900000036,0.09007761,0.1000000015,0.10119466
475,0.0099999998,0.00984546,0.0199999996,0.01968934,0.0299999993,0.03149429,0.0399999991,0.04076649,0.0500000007,0.05061159,0.0599999987,0.05939812,0.0700000003,0.07089378,0.0799999982,0.0835188,0.0900000036,0.09059456,0.1000000015,0.09988161
476,0.0099999998,0.00992129,0.0199999996,0.01967764,0.0299999993,0.03156014,0.0399999991,0.04062258,0.0500000007,0.05058496,0.0599999987,0.05930329,0.0700000003,0.07277719,0.0799999982,0.08333902,0.0900000036,0.09081396,0.1000000015,0.10007397
477,0.0099999998,0.00995324,0.0199999996,0.01978341,0.0299999993,0.03182043,0.0399999991,0.04071596,0.0500000007,0.05157342,0.0599999987,0.05931677,0.0700000003,0.07225006,0.0799999982,0.08091657,0.0900000036,0.09064479,0.1000000015,0.09982532
478,0.0099999998,0.01009339,0.0199999996,0.02023406,0.0299999993,0.03209981,0.0399999991,0.04066955,0.0500000007,0.0514107,0.0599999987,0.06014403,0.0700000003,0.07123727,0.0799999982,0.08059311,0.0900000036,0.09071814,0.1000000015,0.09910186
479,0.0099999998,0.00995054,0.0199999996,0.02028404,0.0299999993,0.03136842,0.0399999991,0.04081417,0.0500000007,0.05163283,0.0599999987,0.0643395,0.0700000003,0.07022106,0.0799999982,0.08129951,0.0900000036,0.09098434,0.1000000015,0.09922242
480,0.0099999998,0.00991509,0.0199999996,0.02002973,0.0299999993,0.03123861,0.0399999991,0.04098678,0.0500000007,0.05143948,0.0599999987,0.06526334,0.0700000003,0.06920664,0.0799999982,0.08131576,0.0900000036,0.09131907,0.1000000015,0.09870768
481,0.0099999998,0.00990829,0.0199999996,0.02005716,0.0299999993,0.0312101,0.0399999991,0.04073967,0.0500000007,0.05025353,0.0599999987,0.06688382,0.0700000003,0.06863187,0.0799999982,0.08298124,0.0900000036,0.09148148,0.1000000015,0.09823252
482,0.0099999998,0.00986515,0.0199999996,0.01960752,0.0299999993,0.03109617,0.0399999991,0.0408186,0.0500000007,0.04958019,0.0599999987,0.06647676,0.0700000003,0.06986791,0.0799999982,0.08413335,0.0900000036,0.09209585,0.1000000015,0.09866229
483,0.0099999998,0.00987224,0.0199999996,0.01953563,0.0299999993,0.03151091,0.0399999991,0.04068476,0.0500000007,0.04982268,0.0599999987,0.06477748,0.0700000003,0.07008655,0.0799999982,0.08497626,0.0900000036,0.09195524,0.1000000015,0.09891507
484,0.0099999998,0.00994894,0.0199999996,0.01993846,0.0299999993,0.03171009,0.0399999991,0.04058901,0.0500000007,0.05022374,0.0599999987,0.06235655,0.0700000003,0.07185646,0.0799999982,0.08496304,0.0900000036,0.09171939,0.1000000015,0.09955829
485,0.0099999998,0.00991506,0.0199999996,0.01957279,0.0299999993,0.03173597,0.0399999991,0.04075797,0.0500000007,0.05159895,0.0599999987,0.06005074,0.0700000003,0.07204359,0.0799999982,0.08188808,0.0900000036,0.09159254,0.1000000015,0.10059422
486,0.0099999998,0.00992105,0.0199999996,0.02015042,0.0299999993,0.03176264,0.0399999991,0.04088248,0.0500000007,0.05193692,0.0599999987,0.05928409,0.0700000003,0.07166044,0.0799999982,0.08049786,0.0900000036,0.09082995,0.1000000015,0.10057795
487,0.0099999998,0.00993001,0.0199999996,0.02031083,0.0299999993,0.03154171,0.0399999991,0.04081289,0.0500000007,0.05140367,0.0599999987,0.06014946,0.0700000003,0.07117516,0.0799999982,0.07850828,0.0900000036,0.09043171,0.1000000015,0.10084529
488,0.0099999998,0.00991118,0.0199999996,0.01998185,0.0299999993,0.0313888,0.0399999991,0.04081849,0.0500000007,0.05080267,0.0599999987,0.06007565,0.0700000003,0.07074165,0.0799999982,0.07846475,0.0900000036,0.09006618,0.1000000015,0.1007475
489,0.0099999998,0.00991581,0.0199999996,0.0200493,0.0299999993,0.03156264,0.0399999991,0.04084397,0.0500000007,0.0500463,0.0599999987,0.06323346,0.0700000003,0.06955405,0.0799999982,0.08085681,0.0900000036,0.08990996,0.1000000015,0.10078989
490,0.0099999998,0.0098902,0.0199999996,0.01980272,0.0299999993,0.03156228,0.0399999991,0.04082246,0.0500000007,0.04948711,0.0599999987,0.06387489,0.0700000003,0.06946851,0.0799999982,0.08137731,0.0900000036,0.08995104,0.1000000015,0.10143775
491,0.0099999998,0.00991977,0.0199999996,0.0193916,0.0299999993,0.0315497,0.0399999991,0.04081291,0.0500000007,0.05005264,0.0599999987,0.06492236,0.0700000003,0.070021,0.0799999982,0.08370436,0.0900000036,0.08988494,0.1000000015,0.10137888
492,0.0099999998,0.00988477,0.0199999996,0.01988762,0.0299999993,0.03159329,0.0399999991,0.04083667,0.0500000007,0.05081361,0.0599999987,0.06487384,0.0700000003,0.06991372,0.0799999982,0.08462281,0.0900000036,0.08913359,0.1000000015,0.10206225
493,0.0099999998,0.00988156,0.0199999996,0.01975877,0.0299999993,0.03160826,0.0399999991,0.04097447,0.0500000007,0.05137607,0.0599999987,0.06417017,0.0700000003,0.07100448,0.0799999982,0.08331573,0.0900000036,0.08883131,0.1000000015,0.102575
494,0.0099999998,0.00988276,0.0199999996,0.02019194,0.0299999993,0.03155541,0.0399999991,0.04086253,0.0500000007,0.05191724,0.0599999987,0.0627875,0.0700000003,0.07159735,0.0799999982,0.08323567,0.0900000036,0.08845767,0.1000000015,0.1029311
495,0.0099999998,0.00978238,0.0199999996,0.02038571,0.0299999993,0.03166078,0.0399999991,0.04082371,0.0500000007,0.05147713,0.0599999987,0.06057016,0.0700000003,0.07170486,0.0799999982,0.08169689,0.0900000036,0.08818643,0.1000000015,0.10359763
496,0.0099999998,0.00991112,0.0199999996,0.01987158,0.0299999993,0.03157261,0.0399999991,0.0408419,0.0500000007,0.05096756,0.0599999987,0.0587079,0.0700000003,0.07098173,0.0799999982,0.0790272,0.0900000036,0.08817263,0.1000000015,0.10324926
497,0.0099999998,0.00990902,0.0199999996,0.01983421,0.0299999993,0.03150208,0.0399999991,0.04071118,0.0500000007,0.05005596,0.0599999987,0.05900943,0.0700000003,0.07022507,0.0799999982,0.07847927,0.0900000036,0.08812183,0.1000000015,0.10339973
498,0.0099999998,0.00994715,0.0199999996,0.01936635,0.0299999993,0.03153558,0.0399999991,0.04073057,0.0500000007,0.04943372,0.0599999987,0.05908408,0.0700000003,0.06933936,0.0799999982,0.07851183,0.0900000036,0.08821733,0.1000000015,0.10366112
499,0.0099999998,0.0099199,0.0199999996,0.01934673,0.0299999993,0.03151323,0.0399999991,0.04083999,0.0500000007,0.0502138,0.0599999987,0.06190457,0.0700000003,0.0694095,0.0799999982,0.08034121,0.0900000036,0.08822134,0.1000000015,0.10387097
500,0.0099999998,0.00995653,0.0199999996,0.0200146,0.0299999993,0.03146598,0.0399999991,0.04086098,0.0500000007,0.05026019,0.0599999987,0.0639483,0.0700000003,0.07043616,0.0799999982,0.0815835,0.0900000036,0.08847775,0.1000000015,0.10440192
501,0.0099999998,0.00983206,0.0199999996,0.02021476,0.0299999993,0.03143592,0.0399999991,0.04096717,0.0500000007,0.0518501,0.0599999987,0.06424194,0.0700000003,0.07113121,0.0799999982,0.08292858,0.0900000036,0.0885431,0.1000000015,0.10453095
502,0.0099999998,0.00993509,0.0199999996,0.02008619,0.0299999993,0.03147853,0.0399999991,0.04088466,0.0500000007,0.05142771,0.0599999987,0.06391166,0.0700000003,0.07172223,0.0799999982,0.08358855,0.0900000036,0.0885089,0.1000000015,0.10454125
503,0.0099999998,0.00993027,0.0199999996,0.02014242,0.0299999993,0.03153776,0.0399999991,0.04093503,0.0500000007,0.05148211,0.0599999987,0.06387752,0.0700000003,0.07202182,0.0799999982,0.0821714,0.0900000036,0.08845174,0.1000000015,0.10465133
504,0.0099999998,0.0098616,0.0199999996,0.01999654,0.0299999993,0.03165027,0.0399999991,0.0408235,0.0500000007,0.0510282,0.0599999987,0.06173195,0.0700000003,0.07145886,0.0799999982,0.08129238,0.0900000036,0.08851156,0.1000000015,0.10444529
505,0.0099999998,0.00996235,0.0199999996,0.01986415,0.0299999993,0.03158403,0.0399999991,0.04059713,0.0500000007,0.05000754,0.0599999987,0.05881645,0.0700000003,0.0704734,0.0799999982,0.07969101,0.0900000036,0.08853436,0.1000000015,0.10426346
506,0.0099999998,0.01001444,0.0199999996,0.02003019,0.0299999993,0.03167061,0.0399999991,0.04050154,0.0500000007,0.04969829,0.0599999987,0.05923094,0.0700000003,0.06949344,0.0799999982,0.07912628,0.0900000036,0.08858088,0.1000000015,0.1040708
507,0.0099999998,0.00998593,0.0199999996,0.01991029,0.0299999993,0.03164965,0.0399999991,0.04061656,0.0500000007,0.05026946,0.0599999987,0.05924257,0.0700000003,0.06919375,0.0799999982,0.08012952,0.0900000036,0.08880991,0.1000000015,0.104109
508,0.0099999998,0.009909,0.0199999996,0.02010914,0.0299999993,0.03158778,0.0399999991,0.04075501,0.0500000007,0.05029786,0.0599999987,0.06002137,0.0700000003,0.07036962,0.0799999982,0.08102042,0.0900000036,0.08897574,0.1000000015,0.10402871
509,0.0099999998,0.00994192,0.0199999996,0.0200263,0.0299999993,0.03146937,0.0399999991,0.04099719,0.0500000007,0.05147873,0.0599999987,0.06281833,0.0700000003,0.0708836,0.0799999982,0.08438216,0.0900000036,0.08911987,0.1000000015,0.10368161
510,0.0099999998,0.00994332,0.0199999996,0.01991827,0.0299999993,0.03134764,0.0399999991,0.04093244,0.0500000007,0.05157712,0.0599999987,0.06431421,0.0700000003,0.07204327,0.0799999982,0.08492418,0.0900000036,0.08918864,0.1000000015,0.1035532
511,0.0099999998,0.00991096,0.0199999996,0.01986135,0.0299999993,0.03150088,0.0399999991,0.04096709,0.0500000007,0.05092612,0.0599999987,0.06599733,0.0700000003,0.07179243,0.0799999982,0.08474632,0.0900000036,0.08926235,0.1000000015,0.10332067
512,0.0099999998,0.00989585,0.0199999996,0.0197767,0.0299999993,0.03151691,0.0399999991,0.0408853,0.0500000007,0.05081839,0.0599999987,0.06535098,0.0700000003,0.07127187,0.0799999982,0.0845264,0.0900000036,0.08932804,0.1000000015,0.10299969
513,0.0099999998,0.00993203,0.0199999996,0.01967974,0.0299999993,0.0315676,0.0399999991,0.04060851,0.0500000007,0.04998906,0.0599999987,0.06270523,0.0700000003,0.07051381,0.0799999982,0.08077934,0.0900000036,0.08924602,0.1000000015,0.10280787
514,0.0099999998,0.00991379,0.0199999996,0.01986459,0.0299999993,0.03176769,0.0399999991,0.04059246,0.0500000007,0.04965917,0.0599999987,0.06187883,0.0700000003,0.06999126,0.0799999982,0.07926182,0.0900000036,0.08951153,0.1000000015,0.10286958
515,0.0099999998,0.00989136,0.0199999996,0.01989004,0.0299999993,0.03170233,0.0399999991,0.04060731,0.0500000007,0.05066606,0.0599999987,0.0590949,0.0700000003,0.0688727,0.0799999982,0.07967913,0.0900000036,0.08952093,0.1000000015,0.10269583
516,0.0099999998,0.00991575,0.0199999996,0.02012715,0.0299999993,0.03168421,0.0399999991,0.04076586,0.0500000007,0.05061251,0.0599999987,0.05800598,0.0700000003,0.06969015,0.0799999982,0.08037648,0.0900000036,0.08985649,0.1000000015,0.10261426
517,0.0099999998,0.00985638,0.0199999996,0.01999572,0.0299999993,0.03162993,0.0399999991,0.04094199,0.0500000007,0.05132576,0.0599999987,0.05897733,0.0700000003,0.07140686,0.0799999982,0.08186279,0.0900000036,0.08990987,0.1000000015,0.10251404
518,0.0099999998,0.00996154,0.0199999996,0.02003964,0.0299999993,0.03146698,0.0399999991,0.04099191,0.0500000007,0.05165791,0.0599999987,0.06081387,0.0700000003,0.07197237,0.0799999982,0.08339705,0.0900000036,0.08978531,0.1000000015,0.10245653
519,0.0099999998,0.01000571,0.0199999996,0.01982078,0.0299999993,0.03146285,0.0399999991,0.04110107,0.0500000007,0.05121885,0.0599999987,0.06442048,0.0700000003,0.07293285,0.0799999982,0.0857145,0.0900000036,0.08990492,0.1000000015,0.1022866
520,0.0099999998,0.00989693,0.0199999996,0.01960393,0.0299999993,0.03152032,0.0399999991,0.04086169,0.0500000007,0.05111462,0.0599999987,0.06655902,0.0700000003,0.07347363,0.0799999982,0.085243,0.0900000036,0.08994199,0.1000000015,0.1021518
521,0.0099999998,0.00995896,0.0199999996,0.01958626,0.0299999993,0.0314899,0.0399999991,0.04087107,0.0500000007,0.05053646,0.0599999987,0.06716815,0.0700000003,0.0714108,0.0799999982,0.08457073,0.0900000036,0.08981623,0.1000000015,0.10220394
522,0.0099999998,0.00992477,0.0199999996,0.01960883,0.0299999993,0.0316125,0.0399999991,0.04067535,0.0500000007,0.04987547,0.0599999987,0.0674135,0.0700000003,0.07073865,0.0799999982,0.0829451,0.0900000036,0.0899287,0.1000000015,0.10168716
523,0.0099999998,0.00986586,0.0199999996,0.02000785,0.0299999993,0.03162923,0.0399999991,0.04059492,0.0500000007,0.05041005,0.0599999987,0.06557364,0.0700000003,0.06877289,0.0799999982,0.07959853,0.0900000036,0.08999802,0.1000000015,0.10178574
524,0.0099999998,0.00991398,0.0199999996,0.02022943,0.0299999993,0.03160461,0.0399999991,0.0407655,0.0500000007,0.05083215,0.0599999987,0.06307851,0.0700000003,0.06802272,0.0799999982,0.07946584,0.0900000036,0.08989291,0.1000000015,0.10177185
525,0.0099999998,0.00990851,0.0199999996,0.02014064,0.0299999993,0.03175257,0.0399999991,0.04097277,0.0500000007,0.05125878,0.0599999987,0.05977429,0.0700000003,0.06902759,0.0799999982,0.07991724,0.0900000036,0.0898056,0.1000000015,0.10145272
526,0.0099999998,0.00989184,0.0199999996,0.02019226,0.0299999993,0.03153099,0.0399999991,0.04087116,0.0500000007,0.0519889,0.0599999987,0.05855185,0.0700000003,0.07028335,0.0799999982,0.08036315,0.0900000036,0.08962512,0.1000000015,0.10159647
527,0.0099999998,0.00996905,0.0199999996,0.02017331,0.0299999993,0.03167893,0.0399999991,0.04099126,0.0500000007,0.05093237,0.0599999987,0.05870447,0.0700000003,0.07105685,0.0799999982,0.08447181,0.0900000036,0.08941637,0.1000000015,0.10143173
528,0.0099999998,0.00990797,0.0199999996,0.02006339,0.0299999993,0.03162007,0.0399999991,0.0409141,0.0500000007,0.05104044,0.0599999987,0.05927893,0.0700000003,0.07228231,0.0799999982,0.0854422,0.0900000036,0.0892956,0.1000000015,0.10163907
529,0.0099999998,0.00995557,0.0199999996,0.01991625,0.0299999993,0.03134869,0.0399999991,0.04085488,0.0500000007,0.05024955,0.0599999987,0.0616695,0.0700000003,0.07222063,0.0799999982,0.08573501,0.0900000036,0.08891836,0.1000000015,0.10168965
530,0.0099999998,0.00996133,0.0199999996,0.01996789,0.0299999993,0.03168097,0.0399999991,0.04095615,0.0500000007,0.049963,0.0599999987,0.06406694,0.0700000003,0.07172188,0.0799999982,0.08453061,0.0900000036,0.08900316,0.1000000015,0.10161571
531,0.0099999998,0.00996533,0.0199999996,0.01981895,0.0299999993,0.03154104,0.0399999991,0.04097819,0.0500000007,0.05052979,0.0599999987,0.06535394,0.0700000003,0.07032105,0.0799999982,0.0818872,0.0900000036,0.08912987,0.1000000015,0.10166918
532,0.0099999998,0.00994992,0.0199999996,0.01998862,0.0299999993,0.03165101,0.0399999991,0.04076034,0.0500000007,0.05100226,0.0599999987,0.06537738,0.0700000003,0.07001174,0.0799999982,0.0803977,0.0900000036,0.08888231,0.1000000015,0.10151439
533,0.0099999998,0.00994829,0.0199999996,0.02000529,0.0299999993,0.03155055,0.0399999991,0.04078843,0.0500000007,0.05097368,0.0599999987,0.06376293,0.0700000003,0.06903237,0.0799999982,0.07918067,0.0900000036,0.08909775,0.1000000015,0.10185191
534,0.0099999998,0.00986272,0.0199999996,0.01994282,0.0299999993,0.03132097,0.0399999991,0.04078006,0.0500000007,0.05134339,0.0599999987,0.06252439,0.0700000003,0.06946263,0.0799999982,0.07921129,0.0900000036,0.08900952,0.1000000015,0.10204078
535,0.0099999998,0.00985749,0.0199999996,0.0200805,0.0299999993,0.03142536,0.0399999991,0.04080773,0.0500000007,0.05149722,0.0599999987,0.05994802,0.0700000003,0.07135569,0.0799999982,0.08043127,0.0900000036,0.0890062,0.1000000015,0.1019368
536,0.0099999998,0.00986986,0.0199999996,0.01982862,0.0299999993,0.03136866,0.0399999991,0.04098449,0.0500000007,0.05102668,0.0599999987,0.0591093,0.0700000003,0.07225391,0.0799999982,0.08056898,0.0900000036,0.08913463,0.1000000015,0.10207626
537,0.0099999998,0.00989025,0.0199999996,0.0199369,0.0299999993,0.03157924,0.0399999991,0.04089253,0.0500000007,0.05109082,0.0599999987,0.06017921,0.0700000003,0.07326023,0.0799999982,0.0828473,0.0900000036,0.08889169,0.1000000015,0.1022238
538,0.0099999998,0.01002654,0.0199999996,0.01989613,0.0299999993,0.03161139,0.0399999991,0.04084856,0.0500000007,0.05085236,0.0599999987,0.0616833,0.0700000003,0.07335494,0.0799999982,0.08363803,0.0900000036,0.08906865,0.1000000015,0.10194564
539,0.0099999998,0.00991912,0.0199999996,0.01995913,0.0299999993,0.03164237,0.0399999991,0.0408936,0.0500000007,0.05119256,0.0599999987,0.0623238,0.0700000003,0.07121247,0.0799999982,0.08391752,0.0900000036,0.08921792,0.1000000015,0.10218709
540,0.0099999998,0.00997368,0.0199999996,0.02003763,0.0299999993,0.03191146,0.0399999991,0.04066478,0.0500000007,0.05089887,0.0599999987,0.06331058,0.0700000003,0.07053079,0.0799999982,0.08418055,0.0900000036,0.08921571,0.1000000015,0.10245849
541,0.0099999998,0.00992361,0.0199999996,0.0200511,0.0299999993,0.0315822,0.0399999991,0.04089465,0.0500000007,0.05118437,0.0599999987,0.06577646,0.0700000003,0.06847319,0.0799999982,0.08178149,0.0900000036,0.08932723,0.1000000015,0.10230751
542,0.0099999998,0.00999965,0.0199999996,0.01991627,0.0299999993,0.03170595,0.0399999991,0.04094896,0.0500000007,0.05071582,0.0599999987,0.06439684,0.0700000003,0.06784974,0.0799999982,0.08063542,0.0900000036,0.08912632,0.1000000015,0.10277577
543,0.0099999998,0.01000806,0.0199999996,0.01984308,0.0299999993,0.03156149,0.0399999991,0.04081334,0.0500000007,0.05051427,0.0599999987,0.0623947,0.0700000003,0.06968038,0.0799999982,0.07971998,0.0900000036,0.08937064,0.1000000015,0.10239587
544,0.0099999998,0.00990085,0.0199999996,0.01992854,0.0299999993,0.03148673,0.0399999991,0.04099609,0.0500000007,0.05029323,0.0599999987,0.06194226,0.0700000003,0.07042739,0.0799999982,0.07972705,0.0900000036,0.08930504,0.1000000015,0.10311615
545,0.0099999998,0.00998296,0.0199999996,0.0199094,0.0299999993,0.03167551,0.0399999991,0.04101702,0.0500000007,0.05087012,0.0599999987,0.059416,0.0700000003,0.07117947,0.0799999982,0.08147484,0.0900000036,0.08936767,0.1000000015,0.10310699
546,0.0099999998,0.01006095,0.0199999996,0.01994513,0.0299999993,0.03155254,0.0399999991,0.04092143,0.0500000007,0.05095413,0.0599999987,0.05818995,0.0700000003,0.07320604,0.0799999982,0.08219432,0.0900000036,0.08954993,0.1000000015,0.10258078
547,0.0099999998,0.00985781,0.0199999996,0.02000926,0.0299999993,0.03192331,0.0399999991,0.04073917,0.0500000007,0.05112224,0.0599999987,0.0594605,0.0700000003,0.07392679,0.0799999982,0.08286942,0.0900000036,0.08932517,0.1000000015,0.10273524
548,0.0099999998,0.00982669,0.0199999996,0.01988798,0.0299999993,0.03163712,0.0399999991,0.04087926,0.0500000007,0.05095494,0.0599999987,0.06071446,0.0700000003,0.07236728,0.0799999982,0.08361093,0.0900000036,0.08926915,0.1000000015,0.10197086
549,0.0099999998,0.00987037,0.0199999996,0.01996046,0.0299999993,0.03151429,0.0399999991,0.04080744,0.0500000007,0.05134939,0.0599999987,0.06416228,0.0700000003,0.07029094,0.0799999982,0.08279319,0.0900000036,0.08917749,0.1000000015,0.10142814
550,0.0099999998,0.00986247,0.0199999996,0.02004147,0.0299999993,0.03146245,0.0399999991,0.04086362,0.0500000007,0.0506846,0.0599999987,0.06638651,0.0700000003,0.06960156,0.0799999982,0.08295633,0.0900000036,0.08914384,0.1000000015,0.10282864
