Time,angle_ref,zmp_ref,zmp_ft,ka,ba,iter
0.00,-0.0000000000,0.0000000000,0.00000000,9.9099998474,39.5847282410,1
0.01,-0.0000000000,0.0000000000,0.00001820,9.9099998474,39.5847282410,2
0.04,0.0000000000,0.0000000000,0.00003840,9.9099998474,39.5847282410,3
0.07,-0.0002240379,0.0000000000,0.00004204,9.9099998474,39.5847282410,4
0.10,-0.0003140110,0.0000000000,0.00004600,9.9099998474,39.5847282410,5
0.13,-0.0002700058,0.0000000000,0.00002380,9.9099998474,39.5847282410,6
0.16,-0.0003397794,0.0000000000,0.00003604,9.9099998474,39.5847282410,7
0.21,-0.0000219749,0.0000000000,-0.00001352,9.9099998474,39.5847282410,8
0.22,-0.0003900772,0.0000000000,-0.00002516,9.9099998474,39.5847282410,9
0.25,0.0004453013,0.0000000000,-0.00000480,9.9099998474,39.5847282410,10
0.28,0.0000379130,0.0000000000,-0.00002258,9.9099998474,39.5847282410,11
0.31,-0.0000175971,0.0000000000,-0.00002993,9.9099998474,39.5847282410,12
0.34,0.0002862132,0.0000000000,-0.00002903,9.9099998474,39.5847282410,13
0.38,0.0001675993,0.0000000000,-0.00001112,9.9099998474,39.5847282410,14
0.40,0.0002066184,0.0000000000,-0.00002242,9.9099998474,39.5847282410,15
0.43,-0.0000282483,0.0000000000,0.00000626,9.9099998474,39.5847282410,16
0.46,0.0002729034,0.0000000000,0.00004198,9.9099998474,39.5847282410,17
0.49,-0.0002672255,0.0000000000,-0.00000322,9.9099998474,39.5847282410,18
0.52,-0.0003580684,0.0000000000,-0.00001134,9.9099998474,39.5847282410,19
0.55,0.0003232326,0.0000000000,0.00003173,9.9099998474,39.5847282410,20
0.58,-0.0000493044,0.0000000000,-0.00001790,9.9099998474,39.5847282410,21
0.61,-0.0003918327,0.0000000000,0.00000378,9.9099998474,39.5847282410,22
0.64,0.0005035186,0.0000000000,0.00003363,9.9099998474,39.5847282410,23
0.67,-0.0003593947,0.0000000000,0.00003924,9.9099998474,39.5847282410,24
0.70,-0.0002158137,0.0000000000,0.00001903,9.9099998474,39.5847282410,25
0.73,-0.0002899424,0.0000000000,0.00000824,9.9099998474,39.5847282410,26
0.76,-0.0000046751,0.0000000000,-0.00002764,9.9099998474,39.5847282410,27
0.79,-0.0000657045,0.0000000000,-0.00001764,9.9099998474,39.5847282410,28
0.82,0.0003873251,0.0000000000,-0.00005261,9.9099998474,39.5847282410,29
0.86,-0.0000498963,0.0000000000,-0.00003718,9.9099998474,39.5847282410,30
0.88,0.0006396393,0.0000000000,-0.00001062,9.9099998474,39.5847282410,31
0.91,0.0000100472,0.0000000000,0.00000742,9.9099998474,39.5847282410,32
0.95,0.0000519488,0.0000000000,-0.00000512,9.9099998474,39.5847282410,33
0.97,-0.0001293112,0.0000000000,0.00003264,9.9099998474,39.5847282410,34
1.00,0.0001487664,0.0000000000,0.00001579,9.9099998474,39.5847282410,35
1.04,-0.0004927281,0.0000000000,0.00005222,9.9099998474,39.5847282410,36
1.08,0.0001380242,0.0000000000,0.00003223,9.9099998474,39.5847282410,37
1.10,-0.0006853816,0.0000000000,-0.00001529,9.9099998474,39.5847282410,38
1.13,0.0000733908,0.0000000000,0.00000194,9.9099998474,39.5847282410,39
1.16,0.0002130577,0.0000000000,0.00005809,9.9099998474,39.5847282410,40
1.19,-0.0001829905,0.0000000000,0.00002160,9.9099998474,39.5847282410,41
1.22,-0.0006092998,0.0000000000,-0.00002710,9.9099998474,39.5847282410,42
1.25,0.0001863225,0.0000000000,0.00003650,9.9099998474,39.5847282410,43
1.28,0.0002698250,0.0000000000,-0.00000254,9.9099998474,39.5847282410,44
1.31,-0.0006613584,0.0000000000,0.00001841,9.9099998474,39.5847282410,45
1.35,0.0004695737,0.0000000000,-0.00003750,9.9099998474,39.5847282410,46
1.37,-0.0004851760,0.0000000000,0.00000049,9.9099998474,39.5847282410,47
1.40,0.0007527143,0.0000000000,0.00002822,9.9099998474,39.5847282410,48
1.43,-0.0004849313,0.0000000000,0.00000957,9.9099998474,39.5847282410,49
1.46,-0.0000880882,0.0000000000,0.00002483,9.9099998474,39.5847282410,50
1.49,-0.0000010284,0.0000000000,0.00002355,9.9099998474,39.5847282410,51
1.52,-0.0002951010,0.0000000000,-0.00000067,9.9099998474,39.5847282410,52
1.55,-0.0000807037,0.0000000000,-0.00002104,9.9099998474,39.5847282410,53
1.58,0.0000984394,0.0000000000,-0.00004643,9.9099998474,39.5847282410,54
1.61,0.0001982634,0.0000000000,0.00000933,9.9099998474,39.5847282410,55
1.64,0.0004200204,0.0000000000,0.00004858,9.9099998474,39.5847282410,56
1.67,-0.0004345922,0.0000000000,0.00003845,9.9099998474,39.5847282410,57
1.70,-0.0003372285,0.0000000000,0.00005909,9.9099998474,39.5847282410,58
1.73,-0.0001856916,0.0000000000,-0.00002454,9.9099998474,39.5847282410,59
1.76,-0.0005580821,0.0000000000,-0.00003755,9.9099998474,39.5847282410,60
1.79,0.0007182796,0.0000000000,-0.00007104,9.9099998474,39.5847282410,61
1.82,0.0000158537,0.0000000000,0.00000856,9.9099998474,39.5847282410,62
1.85,0.0007827788,0.0000000000,-0.00004489,9.9099998474,39.5847282410,63
1.88,-0.0006617772,0.0000000000,0.00005266,9.9099998474,39.5847282410,64
1.91,0.0009337411,0.0000000000,0.00005202,9.9099998474,39.5847282410,65
1.94,-0.0012357043,0.0000000000,0.00000574,9.9099998474,39.5847282410,66
1.97,0.0001305537,0.0000000000,0.00006465,9.9099998474,39.5847282410,67
2.00,-0.0000246755,0.0000000000,-0.00001298,9.9099998474,39.5847282410,68
2.03,-0.0007930050,0.0000000000,0.00000512,9.9099998474,39.5847282410,69
2.06,0.0007243152,0.0000000000,0.00003002,9.9099998474,39.5847282410,70
2.09,-0.0004874105,0.0000000000,0.00001950,9.9099998474,39.5847282410,71
2.12,-0.0001054233,0.0000000000,0.00005623,9.9099998474,39.5847282410,72
2.15,-0.0001106959,0.0000000000,-0.00003496,9.9099998474,39.5847282410,73
2.18,-0.0006019335,0.0000000000,0.00001236,9.9099998474,39.5847282410,74
2.21,0.0008691545,0.0000000000,-0.00003020,9.9099998474,39.5847282410,75
2.24,-0.0007004975,0.0000000000,0.00002959,9.9099998474,39.5847282410,76
2.27,0.0007706726,0.0000000000,-0.00001822,9.9099998474,39.5847282410,77
2.30,-0.0008317992,0.0000000000,0.00004541,9.9099998474,39.5847282410,78
2.33,0.0007272051,0.0000000000,0.00003160,9.9099998474,39.5847282410,79
2.36,-0.0009809694,0.0000000000,0.00007870,9.9099998474,39.5847282410,80
2.39,0.0002245832,0.0000000000,0.00006667,9.9099998474,39.5847282410,81
2.42,-0.0010180752,0.0000000000,0.00005698,9.9099998474,39.5847282410,82
2.45,-0.0001246325,0.0000000000,0.00002058,9.9099998474,39.5847282410,83
2.48,-0.0004990510,0.0000000000,0.00004707,9.9099998474,39.5847282410,84
2.51,0.0001141274,0.0000000000,-0.00001592,9.9099998474,39.5847282410,85
2.54,-0.0006043698,0.0000000000,0.00002329,9.9099998474,39.5847282410,86
2.57,0.0006113113,0.0000000000,0.00001692,9.9099998474,39.5847282410,87
2.60,-0.0006520489,0.0000000000,0.00002537,9.9099998474,39.5847282410,88
2.63,0.0001852327,0.0000000000,0.00002930,9.9099998474,39.5847282410,89
2.66,-0.0003704683,0.0000000000,0.00000873,9.9099998474,39.5847282410,90
2.69,-0.0001189494,0.0000000000,-0.00002717,9.9099998474,39.5847282410,91
2.72,0.0000182546,0.0000000000,-0.00003485,9.9099998474,39.5847282410,92
2.75,0.0003348708,0.0000000000,0.00002487,9.9099998474,39.5847282410,93
2.78,0.0001897409,0.0000000000,0.00006560,9.9099998474,39.5847282410,94
2.81,-0.0004780543,0.0000000000,0.00001423,9.9099998474,39.5847282410,95
2.84,-0.0004900873,0.0000000000,0.00004178,9.9099998474,39.5847282410,96
2.87,0.0002256529,0.0000000000,0.00004872,9.9099998474,39.5847282410,97
2.90,-0.0006193311,0.0000000000,0.00004810,9.9099998474,39.5847282410,98
2.93,-0.0001861893,0.0000000000,0.00005716,9.9099998474,39.5847282410,99
2.96,-0.0003908206,0.0000000000,0.00005915,9.9099998474,39.5847282410,100
2.99,-0.0004059554,0.0000000000,0.00002369,9.9099998474,39.5847282410,101
3.02,-0.0003967726,0.0000000000,0.00004413,9.9099998474,39.5847282410,102
3.05,0.0000350024,0.0000000000,0.00001438,9.9099998474,39.5847282410,103
3.08,-0.0005235524,0.0000000000,0.00003780,9.9099998474,39.5847282410,104
3.11,0.0001899779,0.0000000000,0.00002901,9.9099998474,39.5847282410,105
3.14,-0.0005412105,0.0000000000,0.00003453,9.9099998474,39.5847282410,106
3.17,0.0000050739,0.0000000000,0.00005203,9.9099998474,39.5847282410,107
3.20,-0.0003680894,0.0000000000,0.00004854,9.9099998474,39.5847282410,108
3.24,-0.0003802378,0.0000000000,0.00000782,9.9099998474,39.5847282410,109
3.26,-0.0002869405,0.0000000000,0.00002181,9.9099998474,39.5847282410,110
3.29,0.0001495902,0.0000000000,-0.00000349,9.9099998474,39.5847282410,111
3.32,-0.0003423239,0.0000000000,0.00006900,9.9099998474,39.5847282410,112
3.35,0.0002687371,0.0000000000,0.00002738,9.9099998474,39.5847282410,113
3.38,-0.0010014311,0.0000000000,0.00002697,9.9099998474,39.5847282410,114
3.41,0.0003423001,0.0000000000,0.00002409,9.9099998474,39.5847282410,115
3.44,-0.0004623795,0.0000000000,0.00002580,9.9099998474,39.5847282410,116
3.47,-0.0000073288,0.0000000000,0.00008075,9.9099998474,39.5847282410,117
3.50,-0.0002606354,0.0000000000,0.00001317,9.9099998474,39.5847282410,118
3.53,-0.0008085102,0.0000000000,0.00005187,9.9099998474,39.5847282410,119
3.56,0.0004398242,0.0000000000,0.00001321,9.9099998474,39.5847282410,120
3.59,-0.0008595921,0.0000000000,0.00004192,9.9099998474,39.5847282410,121
3.62,0.0003970821,0.0000000000,0.00006802,9.9099998474,39.5847282410,122
3.65,-0.0007010549,0.0000000000,0.00000562,9.9099998474,39.5847282410,123
3.68,-0.0003850740,0.0000000000,0.00009015,9.9099998474,39.5847282410,124
3.71,0.0002821496,0.0000000000,0.00004070,9.9099998474,39.5847282410,125
3.75,-0.0012665597,0.0000000000,0.00004831,9.9099998474,39.5847282410,126
3.77,0.0003647254,0.0000000000,0.00005468,9.9099998474,39.5847282410,127
3.81,-0.0007112183,0.0000000000,0.00003898,9.9099998474,39.5847282410,128
3.83,-0.0002101105,0.0000000000,0.00005713,9.9099998474,39.5847282410,129
3.86,-0.0002513761,0.0000000000,0.00001446,9.9099998474,39.5847282410,130
3.89,-0.0005016531,0.0000000000,0.00003074,9.9099998474,39.5847282410,131
3.93,0.0002055683,0.0000000000,-0.00001905,9.9099998474,39.5847282410,132
3.95,-0.0004678620,0.0000000000,0.00005214,9.9099998474,39.5847282410,133
3.98,0.0005429141,0.0000000000,0.00006514,9.9099998474,39.5847282410,134
4.01,-0.0009740926,0.0000000000,0.00009590,9.9099998474,39.5847282410,135
4.05,-0.0001725185,0.0000000000,0.00001918,9.9099998474,39.5847282410,136
4.08,-0.0009491796,0.0000000000,0.00001994,9.9099998474,39.5847282410,137
4.11,0.0004557134,0.0000000000,0.00004130,9.9099998474,39.5847282410,138
4.14,-0.0004619597,0.0000000000,0.00002489,9.9099998474,39.5847282410,139
4.17,-0.0002321590,0.0000000000,0.00008074,9.9099998474,39.5847282410,140
4.20,-0.0000901379,0.0000000000,0.00000941,9.9099998474,39.5847282410,141
4.22,-0.0009040348,0.0000000000,0.00005210,9.9099998474,39.5847282410,142
4.26,0.0005348019,0.0000000000,0.00001782,9.9099998474,39.5847282410,143
4.28,-0.0009189294,0.0000000000,0.00003885,9.9099998474,39.5847282410,144
4.32,0.0003718094,0.0000000000,0.00007833,9.9099998474,39.5847282410,145
4.34,-0.0006387184,0.0000000000,0.00007268,9.9099998474,39.5847282410,146
4.38,-0.0005534085,0.0000000000,0.00003655,9.9099998474,39.5847282410,147
4.41,-0.0004310423,0.0000000000,0.00004629,9.9099998474,39.5847282410,148
4.44,-0.0000825122,0.0000000000,0.00005332,9.9099998474,39.5847282410,149
4.47,-0.0004630609,0.0000000000,0.00008936,9.9099998474,39.5847282410,150
4.50,-0.0003190746,0.0000000000,0.00001246,9.9099998474,39.5847282410,151
4.52,-0.0008220609,0.0000000000,0.00002640,9.9099998474,39.5847282410,152
4.56,0.0004647212,0.0000000000,0.00004189,9.9099998474,39.5847282410,153
4.59,-0.0005621053,0.0000000000,0.00008143,9.9099998474,39.5847282410,154
4.61,-0.0001695318,0.0000000000,0.00004866,9.9099998474,39.5847282410,155
4.65,-0.0008192953,0.0000000000,0.00003871,9.9099998474,39.5847282410,156
4.68,0.0000004221,0.0000000000,0.00005461,9.9099998474,39.5847282410,157
4.71,-0.0003850214,0.0000000000,0.00008138,9.9099998474,39.5847282410,158
4.74,-0.0003995151,0.0000000000,0.00004851,9.9099998474,39.5847282410,159
4.77,-0.0006756675,0.0000000000,0.00006449,9.9099998474,39.5847282410,160
4.80,-0.0000737519,0.0000000000,0.00000897,9.9099998474,39.5847282410,161
4.83,-0.0006658967,0.0000000000,0.00001094,9.9099998474,39.5847282410,162
4.86,0.0003696715,0.0000000000,0.00002752,9.9099998474,39.5847282410,163
4.89,-0.0003220238,0.0000000000,0.00002809,9.9099998474,39.5847282410,164
4.92,-0.0001519771,0.0000000000,0.00008217,9.9099998474,39.5847282410,165
4.95,-0.0002020182,0.0000000000,0.00000176,9.9099998474,39.5847282410,166
4.98,-0.0008513763,0.0000000000,0.00007337,9.9099998474,39.5847282410,167
5.01,0.0006041918,0.0000000000,0.00001664,9.9099998474,39.5847282410,168
5.04,-0.0012358229,0.0000000000,0.00010422,9.9099998474,39.5847282410,169
5.07,0.0006029726,0.0000000000,0.00001383,9.9099998474,39.5847282410,170
5.10,-0.0015717178,0.0000000000,0.00007714,9.9099998474,39.5847282410,171
5.13,0.0008757854,0.0000000000,0.00004440,9.9099998474,39.5847282410,172
5.16,-0.0013940508,0.0000000000,0.00005779,9.9099998474,39.5847282410,173
5.19,0.0003429962,0.0000000000,0.00004178,9.9099998474,39.5847282410,174
5.22,-0.0007981944,0.0000000000,-0.00000642,9.9099998474,39.5847282410,175
5.25,0.0000128057,0.0000000000,0.00006704,9.9099998474,39.5847282410,176
5.28,0.0001593290,0.0000000000,0.00007698,9.9099998474,39.5847282410,177
5.31,-0.0009396356,0.0000000000,0.00002202,9.9099998474,39.5847282410,178
5.34,-0.0002997536,0.0000000000,0.00007732,9.9099998474,39.5847282410,179
5.37,0.0000465654,0.0000000000,0.00009043,9.9099998474,39.5847282410,180
5.40,-0.0009511669,0.0000000000,0.00004115,9.9099998474,39.5847282410,181
5.43,-0.0004445723,0.0000000000,0.00011837,9.9099998474,39.5847282410,182
5.46,-0.0000850679,0.0000000000,0.00005309,9.9099998474,39.5847282410,183
5.49,-0.0013470786,0.0000000000,0.00007403,9.9099998474,39.5847282410,184
5.52,0.0003103014,0.0000000000,0.00010031,9.9099998474,39.5847282410,185
5.55,-0.0009802320,0.0000000000,0.00007475,9.9099998474,39.5847282410,186
5.58,-0.0005750456,0.0000000000,-0.00000926,9.9099998474,39.5847282410,187
5.61,-0.0004029310,0.0000000000,0.00005663,9.9099998474,39.5847282410,188
5.64,0.0004639122,0.0000000000,0.00003627,9.9099998474,39.5847282410,189
5.67,-0.0009806172,0.0000000000,0.00010060,9.9099998474,39.5847282410,190
5.70,0.0001962440,0.0000000000,0.00006765,9.9099998474,39.5847282410,191
5.73,-0.0012675691,0.0000000000,0.00004235,9.9099998474,39.5847282410,192
5.76,0.0000433160,0.0000000000,0.00005470,9.9099998474,39.5847282410,193
5.79,-0.0004100531,0.0000000000,0.00010618,9.9099998474,39.5847282410,194
5.82,-0.0003877092,0.0000000000,0.00010760,9.9099998474,39.5847282410,195
5.85,-0.0009864375,0.0000000000,0.00005467,9.9099998474,39.5847282410,196
5.88,-0.0005822175,0.0000000000,0.00008771,9.9099998474,39.5847282410,197
5.91,-0.0001499671,0.0000000000,0.00006351,9.9099998474,39.5847282410,198
5.94,-0.0009082606,0.0000000000,0.00006332,9.9099998474,39.5847282410,199
5.97,-0.0001215454,0.0000000000,0.00004641,9.9099998474,39.5847282410,200
6.00,-0.0005915703,0.0000000000,0.00008447,9.9099998474,39.5847282410,201
6.03,-0.0001385664,0.0000000000,0.00003150,9.9099998474,39.5847282410,202
6.06,-0.0008753446,0.0000000000,0.00005248,9.9099998474,39.5847282410,203
6.09,0.0002478662,0.0000000000,0.00005154,9.9099998474,39.5847282410,204
6.12,-0.0007235228,0.0000000000,0.00006699,9.9099998474,39.5847282410,205
6.15,-0.0001495753,0.0000000000,0.00009802,9.9099998474,39.5847282410,206
6.18,-0.0006376539,0.0000000000,0.00004993,9.9099998474,39.5847282410,207
6.21,-0.0007381014,0.0000000000,0.00001964,9.9099998474,39.5847282410,208
6.24,-0.0000203321,0.0000000000,0.00009956,9.9099998474,39.5847282410,209
6.27,-0.0001447415,0.0000000000,0.00006043,9.9099998474,39.5847282410,210
6.30,-0.0011207114,0.0000000000,0.00006682,9.9099998474,39.5847282410,211
6.33,0.0000662813,0.0000000000,0.00006699,9.9099998474,39.5847282410,212
6.36,-0.0007439775,0.0000000000,0.00006472,9.9099998474,39.5847282410,213
6.39,-0.0003049542,0.0000000000,0.00009175,9.9099998474,39.5847282410,214
6.42,-0.0004972784,0.0000000000,0.00007927,9.9099998474,39.5847282410,215
6.45,-0.0007429975,0.0000000000,0.00007845,9.9099998474,39.5847282410,216
6.48,-0.0003936879,0.0000000000,0.00005189,9.9099998474,39.5847282410,217
6.51,-0.0006036080,0.0000000000,0.00004961,9.9099998474,39.5847282410,218
6.54,-0.0001670247,0.0000000000,0.00009798,9.9099998474,39.5847282410,219
6.57,-0.0004247523,0.0000000000,0.00007874,9.9099998474,39.5847282410,220
6.60,-0.0008865434,0.0000000000,0.00006140,9.9099998474,39.5847282410,221
6.63,-0.0002936562,0.0000000000,0.00011041,9.9099998474,39.5847282410,222
6.67,-0.0004485245,0.0000000000,0.00013784,9.9099998474,39.5847282410,223
6.70,-0.0010084510,0.0000000000,0.00006454,9.9099998474,39.5847282410,224
6.72,-0.0009321613,0.0000000000,0.00005501,9.9099998474,39.5847282410,225
6.75,-0.0000210852,0.0000000000,0.00011663,9.9099998474,39.5847282410,226
6.78,-0.0005577824,0.0000000000,0.00011378,9.9099998474,39.5847282410,227
6.81,-0.0010382214,0.0000000000,0.00004940,9.9099998474,39.5847282410,228
6.85,-0.0006025773,0.0000000000,0.00006385,9.9099998474,39.5847282410,229
6.87,-0.0000649441,0.0000000000,0.00009556,9.9099998474,39.5847282410,230
6.90,-0.0006724425,0.0000000000,0.00007355,9.9099998474,39.5847282410,231
6.93,-0.0006926570,0.0000000000,0.00009766,9.9099998474,39.5847282410,232
6.96,-0.0003393615,0.0000000000,0.00007908,9.9099998474,39.5847282410,233
6.99,-0.0008841384,0.0000000000,0.00010945,9.9099998474,39.5847282410,234
7.03,-0.0003090872,0.0000000000,0.00010132,9.9099998474,39.5847282410,235
7.05,-0.0010292531,0.0000000000,0.00006850,9.9099998474,39.5847282410,236
7.08,-0.0004834397,0.0000000000,0.00008286,9.9099998474,39.5847282410,237
7.11,-0.0003854702,0.0000000000,0.00006929,9.9099998474,39.5847282410,238
7.15,-0.0006927415,0.0000000000,0.00006040,9.9099998474,39.5847282410,239
7.17,-0.0003189489,0.0000000000,0.00009627,9.9099998474,39.5847282410,240
7.21,-0.0004399388,0.0000000000,0.00009280,9.9099998474,39.5847282410,241
7.24,-0.0008376508,0.0000000000,0.00008617,9.9099998474,39.5847282410,242
7.27,-0.0004996233,0.0000000000,0.00011345,9.9099998474,39.5847282410,243
7.29,-0.0006129852,0.0000000000,0.00011743,9.9099998474,39.5847282410,244
7.32,-0.0009063573,0.0000000000,0.00013393,9.9099998474,39.5847282410,245
7.35,-0.0007347141,0.0000000000,0.00008581,9.9099998474,39.5847282410,246
7.39,-0.0010266394,0.0000000000,0.00008348,9.9099998474,39.5847282410,247
7.41,-0.0002466991,0.0000000000,0.00006409,9.9099998474,39.5847282410,248
7.45,-0.0007378954,0.0000000000,0.00000740,9.9099998474,39.5847282410,249
7.48,-0.0002385600,0.0000000000,0.00007527,9.9099998474,39.5847282410,250
7.50,0.0001605404,0.0000000000,0.00004920,9.9099998474,39.5847282410,251
7.53,-0.0010135367,0.0000000000,0.00011822,9.9099998474,39.5847282410,252
7.56,0.0000944676,0.0000000000,0.00011624,9.9099998474,39.5847282410,253
7.59,-0.0014087312,0.0000000000,0.00008913,9.9099998474,39.5847282410,254
7.63,-0.0004434636,0.0000000000,0.00009408,9.9099998474,39.5847282410,255
7.65,-0.0006252208,0.0000000000,0.00011685,9.9099998474,39.5847282410,256
7.69,-0.0006654419,0.0000000000,0.00011386,9.9099998474,39.5847282410,257
7.71,-0.0008969952,0.0000000000,0.00011720,9.9099998474,39.5847282410,258
7.75,-0.0006915241,0.0000000000,0.00008510,9.9099998474,39.5847282410,259
7.78,-0.0008523260,0.0000000000,0.00004457,9.9099998474,39.5847282410,260
7.80,-0.0003662118,0.0000000000,0.00008639,9.9099998474,39.5847282410,261
7.83,-0.0001937401,0.0000000000,0.00010564,9.9099998474,39.5847282410,262
7.87,-0.0008851629,0.0000000000,0.00009008,9.9099998474,39.5847282410,263
7.90,-0.0006516207,0.0000000000,0.00004781,9.9099998474,39.5847282410,264
7.93,-0.0005481136,0.0000000000,0.00011613,9.9099998474,39.5847282410,265
7.96,-0.0001272642,0.0000000000,0.00002292,9.9099998474,39.5847282410,266
7.98,-0.0012779554,0.0000000000,0.00004036,9.9099998474,39.5847282410,267
8.02,0.0006375201,0.0000000000,0.00008521,9.9099998474,39.5847282410,268
8.05,-0.0008052908,0.0000000000,0.00008782,9.9099998474,39.5847282410,269
8.07,-0.0005497839,0.0000000000,0.00009641,9.9099998474,39.5847282410,270
8.11,-0.0006012904,0.0000000000,0.00009840,9.9099998474,39.5847282410,271
8.13,-0.0006991762,0.0000000000,0.00005151,9.9099998474,39.5847282410,272
8.17,-0.0006486283,0.0000000000,0.00009779,9.9099998474,39.5847282410,273
8.19,-0.0000962909,0.0000000000,0.00009685,9.9099998474,39.5847282410,274
8.23,-0.0010628876,0.0000000000,0.00009668,9.9099998474,39.5847282410,275
8.26,-0.0004284552,0.0000000000,0.00008591,9.9099998474,39.5847282410,276
8.29,-0.0007674811,0.0000000000,0.00013137,9.9099998474,39.5847282410,277
8.32,-0.0004657652,0.0000000000,0.00008086,9.9099998474,39.5847282410,278
8.35,-0.0012012578,0.0000000000,0.00011860,9.9099998474,39.5847282410,279
8.37,-0.0000921137,0.0000000000,0.00006167,9.9099998474,39.5847282410,280
8.41,-0.0012601264,0.0000000000,0.00008417,9.9099998474,39.5847282410,281
8.44,0.0001439473,0.0000000000,0.00012226,9.9099998474,39.5847282410,282
8.47,-0.0009969211,0.0000000000,0.00010505,9.9099998474,39.5847282410,283
8.50,-0.0008147928,0.0000000000,0.00007857,9.9099998474,39.5847282410,284
8.53,-0.0006042126,0.0000000000,0.00010649,9.9099998474,39.5847282410,285
8.56,-0.0004478558,0.0000000000,0.00008967,9.9099998474,39.5847282410,286
8.59,-0.0009258991,0.0000000000,0.00008466,9.9099998474,39.5847282410,287
8.62,-0.0003977283,0.0000000000,0.00010339,9.9099998474,39.5847282410,288
8.65,-0.0006566396,0.0000000000,0.00006049,9.9099998474,39.5847282410,289
8.68,-0.0007629200,0.0000000000,0.00011098,9.9099998474,39.5847282410,290
8.71,-0.0001305672,0.0000000000,0.00004298,9.9099998474,39.5847282410,291
8.74,-0.0011881422,0.0000000000,0.00011706,9.9099998474,39.5847282410,292
8.77,0.0003272726,0.0000000000,0.00006945,9.9099998474,39.5847282410,293
8.80,-0.0015398178,0.0000000000,0.00011131,9.9099998474,39.5847282410,294
8.83,0.0001993268,0.0000000000,0.00011724,9.9099998474,39.5847282410,295
8.86,-0.0013388972,0.0000000000,0.00007988,9.9099998474,39.5847282410,296
8.89,-0.0005169841,0.0000000000,0.00008662,9.9099998474,39.5847282410,297
8.92,-0.0004670499,0.0000000000,0.00009579,9.9099998474,39.5847282410,298
8.95,-0.0006775324,0.0000000000,0.00004428,9.9099998474,39.5847282410,299
8.98,-0.0006468790,0.0000000000,0.00005704,9.9099998474,39.5847282410,300
9.01,-0.0745132193,0.0010000000,0.00006602,9.9021635056,38.0020942688,301
9.04,-0.1496268064,0.0020000001,0.00003192,9.9317865372,43.6845283508,302
9.07,-0.2115855962,0.0030000000,-0.00053556,9.9417428970,45.4351119995,303
9.10,-0.2830184698,0.0040000002,-0.00146685,9.9467821121,46.2959136963,304
9.13,-0.3429389596,0.0049999999,-0.00368468,9.9498558044,46.8131942749,305
9.16,-0.4065180421,0.0060000001,-0.00539955,9.9519453049,47.1615982056,306
9.19,-0.4531709552,0.0070000002,-0.00822648,9.9534730911,47.4147262573,307
9.22,-0.5198191404,0.0080000004,-0.00949325,9.9546499252,47.6087837219,308
9.25,-0.5587320328,0.0089999996,-0.01222021,9.9555921555,47.7635955811,309
9.28,-0.6372832060,0.0099999998,-0.01344181,9.9563703537,47.8910713196,310
9.31,-0.6686400771,0.0109999999,-0.01454705,9.9570302963,47.9989166260,311
9.34,-0.7524556518,0.0120000001,-0.01441492,9.9575996399,48.0917587280,312
9.37,-0.8005188704,0.0130000003,-0.01330100,9.9581012726,48.1734123230,313
9.40,-0.8858864903,0.0140000004,-0.01249090,9.9585485458,48.2460975647,314
9.43,-0.9571346045,0.0149999997,-0.00950170,9.9589519501,48.3115653992,315
9.46,-1.0305900574,0.0160000008,-0.00761208,9.9593210220,48.3713798523,316
9.49,-1.1312867403,0.0170000009,-0.00314621,9.9596614838,48.4264945984,317
9.52,-1.1944770813,0.0179999992,-0.00068426,9.9599771500,48.4775390625,318
9.55,-1.3172520399,0.0189999994,0.00427768,9.9602727890,48.5252952576,319
9.58,-1.3699502945,0.0199999996,0.00619684,9.9605503082,48.5700798035,320
9.61,-1.5041674376,0.0209999997,0.01126732,9.9608144760,48.6126747131,321
9.64,-1.5418790579,0.0219999999,0.01392012,9.9610652924,48.6530799866,322
9.67,-1.6884922981,0.0230000000,0.01968634,9.9613046646,48.6916122437,323
9.70,-1.7268612385,0.0240000002,0.02234132,9.9615345001,48.7285842896,324
9.73,-1.8793460131,0.0250000004,0.02695463,9.9617557526,48.7641448975,325
9.76,-1.9123910666,0.0260000005,0.02844968,9.9619693756,48.7984542847,326
9.79,-2.0543036461,0.0270000007,0.03117293,9.9621763229,48.8316650391,327
9.82,-2.0830941200,0.0280000009,0.03106627,9.9623775482,48.8639450073,328
9.86,-2.2072496414,0.0289999992,0.03089868,9.9625730515,48.8952789307,329
9.88,-2.2324995995,0.0299999993,0.03031708,9.9627647400,48.9259834290,330
9.91,-2.2527163029,0.0299999993,0.02890931,9.9627647400,48.9259834290,331
9.94,-2.2239634991,0.0299999993,0.02800718,9.9627647400,48.9259834290,332
9.97,-2.2283518314,0.0299999993,0.02802682,9.9627647400,48.9259834290,333
10.00,-2.2183241844,0.0299999993,0.02908581,9.9627647400,48.9259834290,334
10.04,-2.2265958786,0.0299999993,0.03324556,9.9627647400,48.9259834290,335
10.06,-2.2341048717,0.0299999993,0.03551830,9.9627647400,48.9259834290,336
10.10,-2.2773206234,0.0299999993,0.03803113,9.9627647400,48.9259834290,337
10.12,-2.2661705017,0.0299999993,0.03939390,9.9627647400,48.9259834290,338
10.15,-2.2994718552,0.0299999993,0.04137125,9.9627647400,48.9259834290,339
10.18,-2.2889950275,0.0299999993,0.04163908,9.9627647400,48.9259834290,340
10.21,-2.3168115616,0.0299999993,0.04267074,9.9627647400,48.9259834290,341
10.24,-2.2975435257,0.0299999993,0.04283390,9.9627647400,48.9259834290,342
10.28,-2.3223555088,0.0299999993,0.04307673,9.9627647400,48.9259834290,343
10.30,-2.3059344292,0.0299999993,0.04238726,9.9627647400,48.9259834290,344
10.34,-2.3190569878,0.0299999993,0.04138863,9.9627647400,48.9259834290,345
10.36,-2.3018887043,0.0299999993,0.04039552,9.9627647400,48.9259834290,346
10.39,-2.3023836613,0.0299999993,0.03755571,9.9627647400,48.9259834290,347
10.42,-2.2926628590,0.0299999993,0.03634803,9.9627647400,48.9259834290,348
10.46,-2.2661323547,0.0299999993,0.03463411,9.9627647400,48.9259834290,349
10.48,-2.2761609554,0.0299999993,0.03326733,9.9627647400,48.9259834290,350
10.52,-2.2508208752,0.0299999993,0.03160021,9.9627647400,48.9259834290,351
10.55,-2.2544689178,0.0299999993,0.03042460,9.9627647400,48.9259834290,352
10.58,-2.2350885868,0.0299999993,0.02725524,9.9627647400,48.9259834290,353
10.60,-2.2369632721,0.0299999993,0.02626276,9.9627647400,48.9259834290,354
10.63,-2.1996233463,0.0299999993,0.02511144,9.9627647400,48.9259834290,355
10.66,-2.2197821140,0.0299999993,0.02387104,9.9627647400,48.9259834290,356
10.70,-2.1943469048,0.0299999993,0.02301824,9.9627647400,48.9259834290,357
10.73,-2.1979005337,0.0299999993,0.02314183,9.9627647400,48.9259834290,358
10.76,-2.1886434555,0.0299999993,0.02288266,9.9627647400,48.9259834290,359
10.79,-2.1976628304,0.0299999993,0.02287745,9.9627647400,48.9259834290,360
10.81,-2.1881587505,0.0299999993,0.02371627,9.9627647400,48.9259834290,361
10.84,-2.1948735714,0.0299999993,0.02364656,9.9627647400,48.9259834290,362
10.88,-2.2009458542,0.0299999993,0.02464496,9.9627647400,48.9259834290,363
10.90,-2.1936213970,0.0299999993,0.02510187,9.9627647400,48.9259834290,364
10.93,-2.2112863064,0.0299999993,0.02555357,9.9627647400,48.9259834290,365
10.97,-2.2026958466,0.0299999993,0.02618291,9.9627647400,48.9259834290,366
11.00,-2.2127556801,0.0299999993,0.02783939,9.9627647400,48.9259834290,367
11.02,-2.2131640911,0.0299999993,0.02861942,9.9627647400,48.9259834290,368
11.05,-2.2314763069,0.0299999993,0.03006870,9.9627647400,48.9259834290,369
11.09,-2.2249732018,0.0299999993,0.03055640,9.9627647400,48.9259834290,370
11.12,-2.2453744411,0.0299999993,0.03117687,9.9627647400,48.9259834290,371
11.15,-2.2346262932,0.0299999993,0.03150539,9.9627647400,48.9259834290,372
11.18,-2.2481849194,0.0299999993,0.03210972,9.9627647400,48.9259834290,373
11.21,-2.2421956062,0.0299999993,0.03179694,9.9627647400,48.9259834290,374
11.23,-2.2525591850,0.0299999993,0.03194988,9.9627647400,48.9259834290,375
11.27,-2.2406587601,0.0299999993,0.03193234,9.9627647400,48.9259834290,376
11.30,-2.2511887550,0.0299999993,0.03198097,9.9627647400,48.9259834290,377
11.33,-2.2437887192,0.0299999993,0.03203515,9.9627647400,48.9259834290,378
11.36,-2.2490651608,0.0299999993,0.03181961,9.9627647400,48.9259834290,379
11.39,-2.2463779449,0.0299999993,0.03145418,9.9627647400,48.9259834290,380
11.42,-2.2451748848,0.0299999993,0.03084593,9.9627647400,48.9259834290,381
11.45,-2.2421898842,0.0299999993,0.03036990,9.9627647400,48.9259834290,382
11.48,-2.2375221252,0.0299999993,0.02976192,9.9627647400,48.9259834290,383
11.51,-2.2362601757,0.0299999993,0.02930919,9.9627647400,48.9259834290,384
11.54,-2.2306797504,0.0299999993,0.02890677,9.9627647400,48.9259834290,385
11.57,-2.2302091122,0.0299999993,0.02867489,9.9627647400,48.9259834290,386
11.60,-2.2266225815,0.0299999993,0.02829978,9.9627647400,48.9259834290,387
11.63,-2.2269892693,0.0299999993,0.02817046,9.9627647400,48.9259834290,388
11.66,-2.2226641178,0.0299999993,0.02786781,9.9627647400,48.9259834290,389
11.69,-2.2247967720,0.0299999993,0.02768072,9.9627647400,48.9259834290,390
11.72,-2.2199440002,0.0299999993,0.02751111,9.9627647400,48.9259834290,391
11.75,-2.2215254307,0.0299999993,0.02740805,9.9627647400,48.9259834290,392
11.78,-2.2188830376,0.0299999993,0.02762542,9.9627647400,48.9259834290,393
11.81,-2.2196576595,0.0299999993,0.02768383,9.9627647400,48.9259834290,394
11.84,-2.2221074104,0.0299999993,0.02786807,9.9627647400,48.9259834290,395
11.87,-2.2205486298,0.0299999993,0.02828070,9.9627647400,48.9259834290,396
11.90,-2.2237622738,0.0299999993,0.02847731,9.9627647400,48.9259834290,397
11.93,-2.2262945175,0.0299999993,0.02887242,9.9627647400,48.9259834290,398
11.96,-2.2259476185,0.0299999993,0.02903076,9.9627647400,48.9259834290,399
11.99,-2.2306818962,0.0299999993,0.02899639,9.9627647400,48.9259834290,400
12.02,-2.2285447121,0.0299999993,0.02944886,9.9627647400,48.9259834290,401
12.05,-2.2291827202,0.0299999993,0.02949742,9.9627647400,48.9259834290,402
12.08,-2.2345597744,0.0299999993,0.02968911,9.9627647400,48.9259834290,403
12.11,-2.2303400040,0.0299999993,0.02975184,9.9627647400,48.9259834290,404
12.14,-2.2354745865,0.0299999993,0.02974378,9.9627647400,48.9259834290,405
12.17,-2.2324728966,0.0299999993,0.02992385,9.9627647400,48.9259834290,406
12.20,-2.2341234684,0.0299999993,0.02987991,9.9627647400,48.9259834290,407
12.23,-2.2354083061,0.0299999993,0.02990436,9.9627647400,48.9259834290,408
12.26,-2.2334599495,0.0299999993,0.02991829,9.9627647400,48.9259834290,409
12.29,-2.2352471352,0.0299999993,0.02979929,9.9627647400,48.9259834290,410
12.32,-2.2341868877,0.0299999993,0.02967867,9.9627647400,48.9259834290,411
12.35,-2.2333445549,0.0299999993,0.02965892,9.9627647400,48.9259834290,412
12.38,-2.2327787876,0.0299999993,0.02932462,9.9627647400,48.9259834290,413
12.41,-2.2331752777,0.0299999993,0.02916357,9.9627647400,48.9259834290,414
12.44,-2.2288095951,0.0299999993,0.02908513,9.9627647400,48.9259834290,415
12.47,-2.2305822372,0.0299999993,0.02895243,9.9627647400,48.9259834290,416
12.50,-2.2288115025,0.0299999993,0.02898902,9.9627647400,48.9259834290,417
12.53,-2.2284252644,0.0299999993,0.02910903,9.9627647400,48.9259834290,418
12.56,-2.2295169830,0.0299999993,0.02891239,9.9627647400,48.9259834290,419
12.59,-2.2301042080,0.0299999993,0.02899568,9.9627647400,48.9259834290,420
12.62,-2.2269825935,0.0299999993,0.02893889,9.9627647400,48.9259834290,421
12.65,-2.2306408882,0.0299999993,0.02884926,9.9627647400,48.9259834290,422
12.68,-2.2272725105,0.0299999993,0.02888387,9.9627647400,48.9259834290,423
12.71,-2.2284927368,0.0299999993,0.02886994,9.9627647400,48.9259834290,424
12.75,-2.2284266949,0.0299999993,0.02888300,9.9627647400,48.9259834290,425
12.77,-2.2281043530,0.0299999993,0.02907452,9.9627647400,48.9259834290,426
12.80,-2.2285585403,0.0299999993,0.02915208,9.9627647400,48.9259834290,427
12.83,-2.2305736542,0.0299999993,0.02931024,9.9627647400,48.9259834290,428
12.86,-2.2296862602,0.0299999993,0.02936004,9.9627647400,48.9259834290,429
12.89,-2.2320654392,0.0299999993,0.02947271,9.9627647400,48.9259834290,430
12.92,-2.2307467461,0.0299999993,0.02948734,9.9627647400,48.9259834290,431
12.95,-2.2328813076,0.0299999993,0.02922581,9.9627647400,48.9259834290,432
12.98,-2.2314178944,0.0299999993,0.02939303,9.9627647400,48.9259834290,433
13.01,-2.2291147709,0.0299999993,0.02926455,9.9627647400,48.9259834290,434
13.05,-2.2334403992,0.0299999993,0.02927675,9.9627647400,48.9259834290,435
13.07,-2.2284650803,0.0299999993,0.02933023,9.9627647400,48.9259834290,436
13.10,-2.2322318554,0.0299999993,0.02939888,9.9627647400,48.9259834290,437
13.13,-2.2304430008,0.0299999993,0.02934890,9.9627647400,48.9259834290,438
13.16,-2.2322099209,0.0299999993,0.02934101,9.9627647400,48.9259834290,439
13.19,-2.2303535938,0.0299999993,0.02935668,9.9627647400,48.9259834290,440
13.23,-2.2315797806,0.0299999993,0.02928063,9.9627647400,48.9259834290,441
13.25,-2.2310166359,0.0299999993,0.02924979,9.9627647400,48.9259834290,442
13.28,-2.2303636074,0.0299999993,0.02924641,9.9627647400,48.9259834290,443
13.31,-2.2306520939,0.0299999993,0.02914531,9.9627647400,48.9259834290,444
13.35,-2.2304697037,0.0299999993,0.02928870,9.9627647400,48.9259834290,445
13.37,-2.2293355465,0.0299999993,0.02918403,9.9627647400,48.9259834290,446
13.40,-2.2321250439,0.0299999993,0.02912864,9.9627647400,48.9259834290,447
13.43,-2.2285878658,0.0299999993,0.02927528,9.9627647400,48.9259834290,448
13.46,-2.2305259705,0.0299999993,0.02922440,9.9627647400,48.9259834290,449
13.49,-2.2312395573,0.0299999993,0.02908141,9.9627647400,48.9259834290,450
13.52,-2.2296566963,0.0299999993,0.02919147,9.9627647400,48.9259834290,451
13.55,-2.2291603088,0.0299999993,0.02918078,9.9627647400,48.9259834290,452
13.58,-2.2312207222,0.0299999993,0.02923521,9.9627647400,48.9259834290,453
13.62,-2.2293698788,0.0299999993,0.02932977,9.9627647400,48.9259834290,454
13.65,-2.2313079834,0.0299999993,0.02931852,9.9627647400,48.9259834290,455
13.68,-2.2310914993,0.0299999993,0.02925996,9.9627647400,48.9259834290,456
13.70,-2.2308108807,0.0299999993,0.02929657,9.9627647400,48.9259834290,457
13.74,-2.2303729057,0.0299999993,0.02930479,9.9627647400,48.9259834290,458
13.76,-2.2312550545,0.0299999993,0.02931131,9.9627647400,48.9259834290,459
13.79,-2.2306587696,0.0299999993,0.02941936,9.9627647400,48.9259834290,460
13.82,-2.2311103344,0.0299999993,0.02928636,9.9627647400,48.9259834290,461
13.85,-2.2321469784,0.0299999993,0.02928030,9.9627647400,48.9259834290,462
13.88,-2.2295246124,0.0299999993,0.02930382,9.9627647400,48.9259834290,463
13.92,-2.2315690517,0.0299999993,0.02922251,9.9627647400,48.9259834290,464
13.94,-2.2305171490,0.0299999993,0.02926447,9.9627647400,48.9259834290,465
13.97,-2.2300872803,0.0299999993,0.02921944,9.9627647400,48.9259834290,466
14.01,-2.2311601639,0.0299999993,0.02926954,9.9627647400,48.9259834290,467
14.04,-2.2297401428,0.0299999993,0.02931463,9.9627647400,48.9259834290,468
14.07,-2.2314167023,0.0299999993,0.02932409,9.9627647400,48.9259834290,469
14.10,-2.2307467461,0.0299999993,0.02934482,9.9627647400,48.9259834290,470
14.13,-2.2311630249,0.0299999993,0.02938482,9.9627647400,48.9259834290,471
14.15,-2.2311682701,0.0299999993,0.02931802,9.9627647400,48.9259834290,472
14.19,-2.2315847874,0.0299999993,0.02938469,9.9627647400,48.9259834290,473
14.22,-2.2303969860,0.0299999993,0.02928093,9.9627647400,48.9259834290,474
14.25,-2.2321863174,0.0299999993,0.02918930,9.9627647400,48.9259834290,475
14.27,-2.2295453548,0.0299999993,0.02921406,9.9627647400,48.9259834290,476
14.30,-2.2304239273,0.0299999993,0.02908720,9.9627647400,48.9259834290,477
14.34,-2.2304112911,0.0299999993,0.02926019,9.9627647400,48.9259834290,478
14.37,-2.2287101746,0.0299999993,0.02937052,9.9627647400,48.9259834290,479
14.40,-2.2323315144,0.0299999993,0.02935489,9.9627647400,48.9259834290,480
14.43,-2.2308099270,0.0299999993,0.02947827,9.9627647400,48.9259834290,481
14.46,-2.2313301563,0.0299999993,0.02932408,9.9627647400,48.9259834290,482
14.49,-2.2326538563,0.0299999993,0.02919536,9.9627647400,48.9259834290,483
14.52,-2.2295076847,0.0299999993,0.02921608,9.9627647400,48.9259834290,484
14.55,-2.2304515839,0.0299999993,0.02920871,9.9627647400,48.9259834290,485
14.58,-2.2304184437,0.0299999993,0.02938739,9.9627647400,48.9259834290,486
14.61,-2.2301950455,0.0299999993,0.02924704,9.9627647400,48.9259834290,487
14.64,-2.2325959206,0.0299999993,0.02935625,9.9627647400,48.9259834290,488
14.67,-2.2288041115,0.0299999993,0.02939663,9.9627647400,48.9259834290,489
14.70,-2.2330579758,0.0299999993,0.02930428,9.9627647400,48.9259834290,490
14.73,-2.2304790020,0.0299999993,0.02943551,9.9627647400,48.9259834290,491
14.76,-2.2308726311,0.0299999993,0.02921952,9.9627647400,48.9259834290,492
14.79,-2.2325847149,0.0299999993,0.02919086,9.9627647400,48.9259834290,493
14.82,-2.2283594608,0.0299999993,0.02929846,9.9627647400,48.9259834290,494
14.85,-2.2314133644,0.0299999993,0.02926399,9.9627647400,48.9259834290,495
14.88,-2.2307868004,0.0299999993,0.02935412,9.9627647400,48.9259834290,496
14.91,-2.2303884029,0.0299999993,0.02948432,9.9627647400,48.9259834290,497
14.94,-2.2319540977,0.0299999993,0.02931995,9.9627647400,48.9259834290,498
14.97,-2.2322540283,0.0299999993,0.02936596,9.9627647400,48.9259834290,499
15.00,-2.2297000885,0.0299999993,0.02923504,9.9627647400,48.9259834290,500
15.03,-2.2324514389,0.0299999993,0.02924283,9.9627647400,48.9259834290,501
15.06,-2.2288675308,0.0299999993,0.02927994,9.9627647400,48.9259834290,502
15.09,-2.2316310406,0.0299999993,0.02924482,9.9627647400,48.9259834290,503
15.12,-2.2302813530,0.0299999993,0.02937904,9.9627647400,48.9259834290,504
15.15,-2.2305579185,0.0299999993,0.02929672,9.9627647400,48.9259834290,505
15.18,-2.2321989536,0.0299999993,0.02935717,9.9627647400,48.9259834290,506
15.21,-2.2297012806,0.0299999993,0.02937893,9.9627647400,48.9259834290,507
15.24,-2.2323517799,0.0299999993,0.02934478,9.9627647400,48.9259834290,508
15.27,-2.2307260036,0.0299999993,0.02936103,9.9627647400,48.9259834290,509
15.30,-2.2312755585,0.0299999993,0.02925600,9.9627647400,48.9259834290,510
15.33,-2.2312724590,0.0299999993,0.02935339,9.9627647400,48.9259834290,511
15.36,-2.2298882008,0.0299999993,0.02925294,9.9627647400,48.9259834290,512
15.39,-2.2322998047,0.0299999993,0.02934292,9.9627647400,48.9259834290,513
15.42,-2.2291886806,0.0299999993,0.02949431,9.9627647400,48.9259834290,514
15.45,-2.2326078415,0.0299999993,0.02925367,9.9627647400,48.9259834290,515
15.48,-2.2320096493,0.0299999993,0.02942681,9.9627647400,48.9259834290,516
15.51,-2.2289862633,0.0299999993,0.02935992,9.9627647400,48.9259834290,517
15.54,-2.2338676453,0.0299999993,0.02929325,9.9627647400,48.9259834290,518
15.57,-2.2292871475,0.0299999993,0.02944818,9.9627647400,48.9259834290,519
15.60,-2.2316420078,0.0299999993,0.02920146,9.9627647400,48.9259834290,520
15.64,-2.2322709560,0.0299999993,0.02938980,9.9627647400,48.9259834290,521
15.66,-2.2282800674,0.0299999993,0.02940055,9.9627647400,48.9259834290,522
15.69,-2.2339854240,0.0299999993,0.02931140,9.9627647400,48.9259834290,523
15.72,-2.2298047543,0.0299999993,0.02942246,9.9627647400,48.9259834290,524
15.75,-2.2313919067,0.0299999993,0.02944032,9.9627647400,48.9259834290,525
15.78,-2.2320847511,0.0299999993,0.02939353,9.9627647400,48.9259834290,526
15.81,-2.2314262390,0.0299999993,0.02932189,9.9627647400,48.9259834290,527
15.84,-2.2313082218,0.0299999993,0.02926349,9.9627647400,48.9259834290,528
15.87,-2.2306425571,0.0299999993,0.02934826,9.9627647400,48.9259834290,529
15.90,-2.2305266857,0.0299999993,0.02929067,9.9627647400,48.9259834290,530
15.93,-2.2317855358,0.0299999993,0.02935749,9.9627647400,48.9259834290,531
15.96,-2.2299940586,0.0299999993,0.02954144,9.9627647400,48.9259834290,532
15.99,-2.2321698666,0.0299999993,0.02931915,9.9627647400,48.9259834290,533
16.02,-2.2328357697,0.0299999993,0.02939163,9.9627647400,48.9259834290,534
16.05,-2.2291438580,0.0299999993,0.02933741,9.9627647400,48.9259834290,535
16.08,-2.2331550121,0.0299999993,0.02927200,9.9627647400,48.9259834290,536
16.11,-2.2296071053,0.0299999993,0.02925667,9.9627647400,48.9259834290,537
16.14,-2.2312221527,0.0299999993,0.02940887,9.9627647400,48.9259834290,538
16.17,-2.2302262783,0.0299999993,0.02940848,9.9627647400,48.9259834290,539
16.20,-2.2326955795,0.0299999993,0.02942873,9.9627647400,48.9259834290,540
16.23,-2.2306988239,0.0299999993,0.02956725,9.9627647400,48.9259834290,541
16.26,-2.2322740555,0.0299999993,0.02942755,9.9627647400,48.9259834290,542
16.30,-2.2329416275,0.0299999993,0.02943828,9.9627647400,48.9259834290,543
16.32,-2.2303678989,0.0299999993,0.02939707,9.9627647400,48.9259834290,544
16.35,-2.2326393127,0.0299999993,0.02931019,9.9627647400,48.9259834290,545
16.38,-2.2305834293,0.0299999993,0.02936519,9.9627647400,48.9259834290,546
16.41,-2.2309255600,0.0299999993,0.02927933,9.9627647400,48.9259834290,547
16.44,-2.2316548824,0.0299999993,0.02942284,9.9627647400,48.9259834290,548
16.47,-2.2299008369,0.0299999993,0.02943698,9.9627647400,48.9259834290,549
16.50,-2.2330784798,0.0299999993,0.02940879,9.9627647400,48.9259834290,550
16.53,-2.2307701111,0.0299999993,0.02943282,9.9627647400,48.9259834290,551
16.56,-2.2319006920,0.0299999993,0.02938860,9.9627647400,48.9259834290,552
16.59,-2.2316014767,0.0299999993,0.02930907,9.9627647400,48.9259834290,553
16.62,-2.2311255932,0.0299999993,0.02937008,9.9627647400,48.9259834290,554
16.65,-2.2306144238,0.0299999993,0.02929929,9.9627647400,48.9259834290,555
16.68,-2.2318947315,0.0299999993,0.02938030,9.9627647400,48.9259834290,556
16.71,-2.2299897671,0.0299999993,0.02937471,9.9627647400,48.9259834290,557
16.75,-2.2324359417,0.0299999993,0.02942388,9.9627647400,48.9259834290,558
16.77,-2.2305510044,0.0299999993,0.02936620,9.9627647400,48.9259834290,559
16.81,-2.2323882580,0.0299999993,0.02939133,9.9627647400,48.9259834290,560
16.83,-2.2303919792,0.0299999993,0.02939060,9.9627647400,48.9259834290,561
16.86,-2.2321348190,0.0299999993,0.02929582,9.9627647400,48.9259834290,562
16.89,-2.2309415340,0.0299999993,0.02937284,9.9627647400,48.9259834290,563
16.92,-2.2305214405,0.0299999993,0.02933753,9.9627647400,48.9259834290,564
16.95,-2.2320415974,0.0299999993,0.02944971,9.9627647400,48.9259834290,565
16.98,-2.2303476334,0.0299999993,0.02942290,9.9627647400,48.9259834290,566
17.01,-2.2329516411,0.0299999993,0.02933465,9.9627647400,48.9259834290,567
17.04,-2.2306313515,0.0299999993,0.02941001,9.9627647400,48.9259834290,568
17.07,-2.2311313152,0.0299999993,0.02930691,9.9627647400,48.9259834290,569
17.10,-2.2320182323,0.0299999993,0.02932236,9.9627647400,48.9259834290,570
17.13,-2.2298867702,0.0299999993,0.02941012,9.9627647400,48.9259834290,571
17.17,-2.2317917347,0.0299999993,0.02937250,9.9627647400,48.9259834290,572
17.19,-2.2315688133,0.0299999993,0.02942301,9.9627647400,48.9259834290,573
17.22,-2.2309749126,0.0299999993,0.02943490,9.9627647400,48.9259834290,574
17.26,-2.2321548462,0.0299999993,0.02942549,9.9627647400,48.9259834290,575
17.28,-2.2313694954,0.0299999993,0.02941764,9.9627647400,48.9259834290,576
17.32,-2.2317395210,0.0299999993,0.02947575,9.9627647400,48.9259834290,577
17.35,-2.2314531803,0.0299999993,0.02936484,9.9627647400,48.9259834290,578
17.38,-2.2323558331,0.0299999993,0.02939252,9.9627647400,48.9259834290,579
17.40,-2.2302491665,0.0299999993,0.02936481,9.9627647400,48.9259834290,580
17.44,-2.2322802544,0.0299999993,0.02933311,9.9627647400,48.9259834290,581
17.47,-2.2305212021,0.0299999993,0.02936216,9.9627647400,48.9259834290,582
17.50,-2.2313237190,0.0299999993,0.02932210,9.9627647400,48.9259834290,583
17.52,-2.2312796116,0.0299999993,0.02934737,9.9627647400,48.9259834290,584
17.55,-2.2306876183,0.0299999993,0.02946525,9.9627647400,48.9259834290,585
17.58,-2.2315244675,0.0299999993,0.02939595,9.9627647400,48.9259834290,586
17.61,-2.2323441505,0.0299999993,0.02948408,9.9627647400,48.9259834290,587
17.65,-2.2306301594,0.0299999993,0.02934177,9.9627647400,48.9259834290,588
17.68,-2.2330756187,0.0299999993,0.02951949,9.9627647400,48.9259834290,589
17.71,-2.2294757366,0.0299999993,0.02943636,9.9627647400,48.9259834290,590
17.73,-2.2343971729,0.0299999993,0.02941382,9.9627647400,48.9259834290,591
17.77,-2.2296805382,0.0299999993,0.02948054,9.9627647400,48.9259834290,592
17.80,-2.2326910496,0.0299999993,0.02935163,9.9627647400,48.9259834290,593
17.83,-2.2316832542,0.0299999993,0.02942515,9.9627647400,48.9259834290,594
17.86,-2.2304637432,0.0299999993,0.02936268,9.9627647400,48.9259834290,595
17.89,-2.2326090336,0.0299999993,0.02943853,9.9627647400,48.9259834290,596
17.92,-2.2301702499,0.0299999993,0.02940305,9.9627647400,48.9259834290,597
17.95,-2.2328722477,0.0299999993,0.02947276,9.9627647400,48.9259834290,598
17.98,-2.2304868698,0.0299999993,0.02947851,9.9627647400,48.9259834290,599
18.01,-2.2329714298,0.0299999993,0.02948309,9.9627647400,48.9259834290,600
18.04,-2.2312748432,0.0299999993,0.02942792,9.9627647400,48.9259834290,601
18.07,-2.2323915958,0.0299999993,0.02931190,9.9627647400,48.9259834290,602
18.10,-2.2310249805,0.0299999993,0.02938441,9.9627647400,48.9259834290,603
18.13,-2.2306025028,0.0299999993,0.02940913,9.9627647400,48.9259834290,604
18.16,-2.2320988178,0.0299999993,0.02935720,9.9627647400,48.9259834290,605
18.19,-2.2311651707,0.0299999993,0.02943509,9.9627647400,48.9259834290,606
18.22,-2.2310874462,0.0299999993,0.02947975,9.9627647400,48.9259834290,607
18.25,-2.2322740555,0.0299999993,0.02940440,9.9627647400,48.9259834290,608
18.28,-2.2317979336,0.0299999993,0.02944517,9.9627647400,48.9259834290,609
18.31,-2.2310841084,0.0299999993,0.02944597,9.9627647400,48.9259834290,610
18.34,-2.2322926521,0.0299999993,0.02935935,9.9627647400,48.9259834290,611
18.37,-2.2313666344,0.0299999993,0.02938999,9.9627647400,48.9259834290,612
18.40,-2.2309043407,0.0299999993,0.02949465,9.9627647400,48.9259834290,613
18.43,-2.2318446636,0.0299999993,0.02947996,9.9627647400,48.9259834290,614
18.46,-2.2323887348,0.0299999993,0.02944626,9.9627647400,48.9259834290,615
18.49,-2.2315707207,0.0299999993,0.02942636,9.9627647400,48.9259834290,616
18.52,-2.2317790985,0.0299999993,0.02935237,9.9627647400,48.9259834290,617
18.55,-2.2314915657,0.0299999993,0.02942966,9.9627647400,48.9259834290,618
18.58,-2.2307968140,0.0299999993,0.02939400,9.9627647400,48.9259834290,619
18.61,-2.2324059010,0.0299999993,0.02936030,9.9627647400,48.9259834290,620
18.64,-2.2306766510,0.0299999993,0.02942795,9.9627647400,48.9259834290,621
18.67,-2.2315006256,0.0299999993,0.02931053,9.9627647400,48.9259834290,622
18.70,-2.2319078445,0.0299999993,0.02944879,9.9627647400,48.9259834290,623
18.73,-2.2299647331,0.0299999993,0.02947885,9.9627647400,48.9259834290,624
18.76,-2.2332985401,0.0299999993,0.02939073,9.9627647400,48.9259834290,625
18.79,-2.2310819626,0.0299999993,0.02956536,9.9627647400,48.9259834290,626
18.82,-2.2313675880,0.0299999993,0.02949991,9.9627647400,48.9259834290,627
18.86,-2.2336463928,0.0299999993,0.02950495,9.9627647400,48.9259834290,628
18.88,-2.2307963371,0.0299999993,0.02952086,9.9627647400,48.9259834290,629
18.92,-2.2329642773,0.0299999993,0.02935777,9.9627647400,48.9259834290,630
18.94,-2.2317495346,0.0299999993,0.02940773,9.9627647400,48.9259834290,631
18.97,-2.2304344177,0.0299999993,0.02941462,9.9627647400,48.9259834290,632
19.00,-2.2324087620,0.0299999993,0.02941871,9.9627647400,48.9259834290,633
19.03,-2.2309899330,0.0299999993,0.02953143,9.9627647400,48.9259834290,634
19.06,-2.2319450378,0.0299999993,0.02953509,9.9627647400,48.9259834290,635
19.09,-2.2327389717,0.0299999993,0.02947429,9.9627647400,48.9259834290,636
19.12,-2.2319254875,0.0299999993,0.02956495,9.9627647400,48.9259834290,637
19.15,-2.2317535877,0.0299999993,0.02944508,9.9627647400,48.9259834290,638
19.18,-2.2331590652,0.0299999993,0.02940862,9.9627647400,48.9259834290,639
19.22,-2.2304821014,0.0299999993,0.02939862,9.9627647400,48.9259834290,640
19.24,-2.2321369648,0.0299999993,0.02941375,9.9627647400,48.9259834290,641
19.27,-2.2310228348,0.0299999993,0.02938652,9.9627647400,48.9259834290,642
19.30,-2.2319014072,0.0299999993,0.02934336,9.9627647400,48.9259834290,643
19.33,-2.2309875488,0.0299999993,0.02941996,9.9627647400,48.9259834290,644
19.36,-2.2311062813,0.0299999993,0.02948669,9.9627647400,48.9259834290,645
19.39,-2.2321016788,0.0299999993,0.02949110,9.9627647400,48.9259834290,646
19.42,-2.2320311069,0.0299999993,0.02951247,9.9627647400,48.9259834290,647
19.45,-2.2319769859,0.0299999993,0.02951317,9.9627647400,48.9259834290,648
19.48,-2.2322995663,0.0299999993,0.02956759,9.9627647400,48.9259834290,649
19.51,-2.2320349216,0.0299999993,0.02944843,9.9627647400,48.9259834290,650
19.54,-2.2328813076,0.0299999993,0.02939063,9.9627647400,48.9259834290,651
19.57,-2.2307186127,0.0299999993,0.02946108,9.9627647400,48.9259834290,652
19.60,-2.2317559719,0.0299999993,0.02929498,9.9627647400,48.9259834290,653
19.63,-2.2320849895,0.0299999993,0.02938891,9.9627647400,48.9259834290,654
19.66,-2.2295746803,0.0299999993,0.02946376,9.9627647400,48.9259834290,655
19.69,-2.2328727245,0.0299999993,0.02948325,9.9627647400,48.9259834290,656
19.73,-2.2313356400,0.0299999993,0.02955581,9.9627647400,48.9259834290,657
19.75,-2.2323572636,0.0299999993,0.02958578,9.9627647400,48.9259834290,658
19.78,-2.2326190472,0.0299999993,0.02965029,9.9627647400,48.9259834290,659
19.81,-2.2325839996,0.0299999993,0.02946943,9.9627647400,48.9259834290,660
19.84,-2.2333638668,0.0299999993,0.02956302,9.9627647400,48.9259834290,661
19.87,-2.2304604053,0.0299999993,0.02952040,9.9627647400,48.9259834290,662
19.90,-2.2340216637,0.0299999993,0.02939752,9.9627647400,48.9259834290,663
19.93,-2.2308754921,0.0299999993,0.02947020,9.9627647400,48.9259834290,664
19.96,-2.2315082550,0.0299999993,0.02944507,9.9627647400,48.9259834290,665
19.99,-2.2323870659,0.0299999993,0.02949511,9.9627647400,48.9259834290,666
20.02,-2.2311999798,0.0299999993,0.02945186,9.9627647400,48.9259834290,667
20.05,-2.2327051163,0.0299999993,0.02949131,9.9627647400,48.9259834290,668
20.09,-2.2310578823,0.0299999993,0.02945326,9.9627647400,48.9259834290,669
20.11,-2.2327284813,0.0299999993,0.02947141,9.9627647400,48.9259834290,670
20.14,-2.2310791016,0.0299999993,0.02949035,9.9627647400,48.9259834290,671
20.17,-2.2324609756,0.0299999993,0.02945740,9.9627647400,48.9259834290,672
20.21,-2.2317662239,0.0299999993,0.02950993,9.9627647400,48.9259834290,673
20.24,-2.2317323685,0.0299999993,0.02942867,9.9627647400,48.9259834290,674
20.26,-2.2325274944,0.0299999993,0.02945025,9.9627647400,48.9259834290,675
20.29,-2.2308368683,0.0299999993,0.02951536,9.9627647400,48.9259834290,676
20.33,-2.2324469090,0.0299999993,0.02949749,9.9627647400,48.9259834290,677
20.35,-2.2321276665,0.0299999993,0.02952153,9.9627647400,48.9259834290,678
20.38,-2.2319118977,0.0299999993,0.02938004,9.9627647400,48.9259834290,679
20.41,-2.2324514389,0.0299999993,0.02944526,9.9627647400,48.9259834290,680
20.44,-2.2302742004,0.0299999993,0.02950268,9.9627647400,48.9259834290,681
20.47,-2.2328910828,0.0299999993,0.02938056,9.9627647400,48.9259834290,682
20.51,-2.2316789627,0.0299999993,0.02947260,9.9627647400,48.9259834290,683
20.54,-2.2307894230,0.0299999993,0.02944809,9.9627647400,48.9259834290,684
20.57,-2.2329089642,0.0299999993,0.02950778,9.9627647400,48.9259834290,685
20.60,-2.2309033871,0.0299999993,0.02954332,9.9627647400,48.9259834290,686
20.63,-2.2330315113,0.0299999993,0.02949152,9.9627647400,48.9259834290,687
20.65,-2.2319486141,0.0299999993,0.02953570,9.9627647400,48.9259834290,688
20.68,-2.2318952084,0.0299999993,0.02946223,9.9627647400,48.9259834290,689
20.71,-2.2326712608,0.0299999993,0.02951608,9.9627647400,48.9259834290,690
20.75,-2.2310962677,0.0299999993,0.02951529,9.9627647400,48.9259834290,691
20.77,-2.2330055237,0.0299999993,0.02949544,9.9627647400,48.9259834290,692
20.80,-2.2315933704,0.0299999993,0.02939414,9.9627647400,48.9259834290,693
20.84,-2.2322590351,0.0299999993,0.02946814,9.9627647400,48.9259834290,694
20.87,-2.2306709290,0.0299999993,0.02946712,9.9627647400,48.9259834290,695
20.90,-2.2328584194,0.0299999993,0.02947846,9.9627647400,48.9259834290,696
20.93,-2.2312021255,0.0299999993,0.02948266,9.9627647400,48.9259834290,697
20.96,-2.2324178219,0.0299999993,0.02957264,9.9627647400,48.9259834290,698
20.98,-2.2316882610,0.0299999993,0.02955872,9.9627647400,48.9259834290,699
21.02,-2.2332267761,0.0299999993,0.02945993,9.9627647400,48.9259834290,700
21.05,-2.2318329811,0.0299999993,0.02951475,9.9627647400,48.9259834290,701
21.08,-2.2315740585,0.0299999993,0.02948782,9.9627647400,48.9259834290,702
21.11,-2.2327141762,0.0299999993,0.02948104,9.9627647400,48.9259834290,703
21.14,-2.2314286232,0.0299999993,0.02942977,9.9627647400,48.9259834290,704
21.17,-2.2322757244,0.0299999993,0.02940358,9.9627647400,48.9259834290,705
21.20,-2.2311229706,0.0299999993,0.02949347,9.9627647400,48.9259834290,706
21.23,-2.2316648960,0.0299999993,0.02944615,9.9627647400,48.9259834290,707
21.26,-2.2324941158,0.0299999993,0.02944381,9.9627647400,48.9259834290,708
21.29,-2.2310929298,0.0299999993,0.02942451,9.9627647400,48.9259834290,709
21.32,-2.2321491241,0.0299999993,0.02949376,9.9627647400,48.9259834290,710
21.35,-2.2312262058,0.0299999993,0.02952271,9.9627647400,48.9259834290,711
21.38,-2.2327063084,0.0299999993,0.02952196,9.9627647400,48.9259834290,712
21.41,-2.2319245338,0.0299999993,0.02954455,9.9627647400,48.9259834290,713
21.44,-2.2323465347,0.0299999993,0.02951694,9.9627647400,48.9259834290,714
21.47,-2.2323889732,0.0299999993,0.02955980,9.9627647400,48.9259834290,715
21.50,-2.2319397926,0.0299999993,0.02957092,9.9627647400,48.9259834290,716
21.53,-2.2328534126,0.0299999993,0.02949814,9.9627647400,48.9259834290,717
21.56,-2.2322671413,0.0299999993,0.02948714,9.9627647400,48.9259834290,718
21.59,-2.2317283154,0.0299999993,0.02950370,9.9627647400,48.9259834290,719
21.62,-2.2321650982,0.0299999993,0.02947430,9.9627647400,48.9259834290,720
21.65,-2.2320785522,0.0299999993,0.02947963,9.9627647400,48.9259834290,721
21.68,-2.2317175865,0.0299999993,0.02944775,9.9627647400,48.9259834290,722
21.71,-2.2321140766,0.0299999993,0.02950794,9.9627647400,48.9259834290,723
21.74,-2.2314362526,0.0299999993,0.02953352,9.9627647400,48.9259834290,724
21.77,-2.2327029705,0.0299999993,0.02956799,9.9627647400,48.9259834290,725
21.80,-2.2320246696,0.0299999993,0.02958136,9.9627647400,48.9259834290,726
21.83,-2.2328262329,0.0299999993,0.02959608,9.9627647400,48.9259834290,727
21.90,-2.2324049473,0.0299999993,0.02966137,9.9627647400,48.9259834290,728
21.91,-2.2328178883,0.0299999993,0.02945220,9.9627647400,48.9259834290,729
21.95,-2.2333319187,0.0299999993,0.02961258,9.9627647400,48.9259834290,730
21.98,-2.2302362919,0.0299999993,0.02950276,9.9627647400,48.9259834290,731
22.01,-2.2348332405,0.0299999993,0.02932586,9.9627647400,48.9259834290,732
22.04,-2.2299857140,0.0299999993,0.02947775,9.9627647400,48.9259834290,733
22.07,-2.2312662601,0.0299999993,0.02935749,9.9627647400,48.9259834290,734
22.10,-2.2328443527,0.0299999993,0.02935670,9.9627647400,48.9259834290,735
22.13,-2.2297627926,0.0299999993,0.02946276,9.9627647400,48.9259834290,736
22.16,-2.2321815491,0.0299999993,0.02952050,9.9627647400,48.9259834290,737
22.19,-2.2318966389,0.0299999993,0.02966128,9.9627647400,48.9259834290,738
22.22,-2.2324428558,0.0299999993,0.02959173,9.9627647400,48.9259834290,739
22.25,-2.2337462902,0.0299999993,0.02966302,9.9627647400,48.9259834290,740
22.28,-2.2316553593,0.0299999993,0.02945550,9.9627647400,48.9259834290,741
22.31,-2.2341408730,0.0299999993,0.02939050,9.9627647400,48.9259834290,742
22.34,-2.2297675610,0.0299999993,0.02943355,9.9627647400,48.9259834290,743
22.37,-2.2323715687,0.0299999993,0.02927138,9.9627647400,48.9259834290,744
22.40,-2.2313697338,0.0299999993,0.02963106,9.9627647400,48.9259834290,745
22.43,-2.2298049927,0.0299999993,0.02956861,9.9627647400,48.9259834290,746
22.46,-2.2357742786,0.0299999993,0.02957738,9.9627647400,48.9259834290,747
22.49,-2.2300462723,0.0299999993,0.02973386,9.9627647400,48.9259834290,748
22.52,-2.2341485023,0.0299999993,0.02931182,9.9627647400,48.9259834290,749
22.55,-2.2334630489,0.0299999993,0.02935094,9.9627647400,48.9259834290,750
22.58,-2.2281658649,0.0299999993,0.02939736,9.9627647400,48.9259834290,751
22.61,-2.2334032059,0.0299999993,0.02940786,9.9627647400,48.9259834290,752
22.64,-2.2302949429,0.0299999993,0.02988570,9.9627647400,48.9259834290,753
22.67,-2.2322497368,0.0299999993,0.02987552,9.9627647400,48.9259834290,754
22.70,-2.2369520664,0.0299999993,0.02981753,9.9627647400,48.9259834290,755
22.73,-2.2323746681,0.0299999993,0.02944844,9.9627647400,48.9259834290,756
22.76,-2.2348644733,0.0299999993,0.02892981,9.9627647400,48.9259834290,757
22.79,-2.2289240360,0.0299999993,0.02897978,9.9627647400,48.9259834290,758
22.82,-2.2273154259,0.0299999993,0.02909199,9.9627647400,48.9259834290,759
22.85,-2.2303557396,0.0299999993,0.02945850,9.9627647400,48.9259834290,760
22.88,-2.2293500900,0.0299999993,0.03006046,9.9627647400,48.9259834290,761
22.91,-2.2342219353,0.0299999993,0.03006946,9.9627647400,48.9259834290,762
22.94,-2.2375380993,0.0299999993,0.02991504,9.9627647400,48.9259834290,763
22.97,-2.2339115143,0.0299999993,0.02941819,9.9627647400,48.9259834290,764
23.00,-2.2346186638,0.0299999993,0.02887791,9.9627647400,48.9259834290,765
23.03,-2.2285039425,0.0299999993,0.02897052,9.9627647400,48.9259834290,766
23.06,-2.2270865440,0.0299999993,0.02921538,9.9627647400,48.9259834290,767
23.09,-2.2305140495,0.0299999993,0.02983256,9.9627647400,48.9259834290,768
23.12,-2.2307693958,0.0299999993,0.03029411,9.9627647400,48.9259834290,769
23.15,-2.2375566959,0.0299999993,0.03011470,9.9627647400,48.9259834290,770
23.18,-2.2372512817,0.0299999993,0.02983099,9.9627647400,48.9259834290,771
23.21,-2.2341487408,0.0299999993,0.02938064,9.9627647400,48.9259834290,772
23.24,-2.2334253788,0.0299999993,0.02890279,9.9627647400,48.9259834290,773
23.27,-2.2290458679,0.0299999993,0.02905354,9.9627647400,48.9259834290,774
23.30,-2.2271223068,0.0299999993,0.02935421,9.9627647400,48.9259834290,775
23.33,-2.2314119339,0.0299999993,0.02997155,9.9627647400,48.9259834290,776
23.37,-2.2316858768,0.0299999993,0.03021589,9.9627647400,48.9259834290,777
23.39,-2.2383115292,0.0299999993,0.03008677,9.9627647400,48.9259834290,778
23.42,-2.2354707718,0.0299999993,0.02961119,9.9627647400,48.9259834290,779
23.45,-2.2352349758,0.0299999993,0.02924698,9.9627647400,48.9259834290,780
23.49,-2.2300732136,0.0299999993,0.02892732,9.9627647400,48.9259834290,781
23.51,-2.2301499844,0.0299999993,0.02894253,9.9627647400,48.9259834290,782
23.54,-2.2270309925,0.0299999993,0.02977374,9.9627647400,48.9259834290,783
23.57,-2.2299363613,0.0299999993,0.02971697,9.9627647400,48.9259834290,784
23.60,-2.2381582260,0.0299999993,0.03027996,9.9627647400,48.9259834290,785
23.63,-2.2297625542,0.0299999993,0.03007617,9.9627647400,48.9259834290,786
23.66,-2.2426376343,0.0299999993,0.02904626,9.9627647400,48.9259834290,787
23.69,-2.2302916050,0.0299999993,0.02916544,9.9627647400,48.9259834290,788
23.73,-2.2262210846,0.0299999993,0.02853136,9.9627647400,48.9259834290,789
23.75,-2.2333652973,0.0299999993,0.02864417,9.9627647400,48.9259834290,790
23.78,-2.2200005054,0.0299999993,0.02962244,9.9627647400,48.9259834290,791
23.81,-2.2318696976,0.0299999993,0.02997582,9.9627647400,48.9259834290,792
23.84,-2.2358059883,0.0299999993,0.03101283,9.9627647400,48.9259834290,793
23.87,-2.2346780300,0.0299999993,0.03087914,9.9627647400,48.9259834290,794
23.90,-2.2477576733,0.0299999993,0.02977055,9.9627647400,48.9259834290,795
23.93,-2.2348515987,0.0299999993,0.02951721,9.9627647400,48.9259834290,796
23.96,-2.2302680016,0.0299999993,0.02796693,9.9627647400,48.9259834290,797
24.00,-2.2333717346,0.0299999993,0.02815157,9.9627647400,48.9259834290,798
24.02,-2.2123541832,0.0299999993,0.02884652,9.9627647400,48.9259834290,799
24.05,-2.2325000763,0.0299999993,0.02928606,9.9627647400,48.9259834290,800
24.09,-2.2270107269,0.0299999993,0.03135780,9.9627647400,48.9259834290,801
24.12,-2.2337808609,0.0299999993,0.03173090,9.9627647400,48.9259834290,802
24.14,-2.2542948723,0.0299999993,0.03083191,9.9627647400,48.9259834290,803
24.18,-2.2397658825,0.0299999993,0.03034079,9.9627647400,48.9259834290,804
24.21,-2.2379112244,0.0299999993,0.02788065,9.9627647400,48.9259834290,805
24.25,-2.2359757423,0.0299999993,0.02733992,9.9627647400,48.9259834290,806
24.26,-2.2077038288,0.0299999993,0.02781179,9.9627647400,48.9259834290,807
24.30,-2.2261352539,0.0299999993,0.02819292,9.9627647400,48.9259834290,808
24.33,-2.2206423283,0.0299999993,0.03057787,9.9627647400,48.9259834290,809
24.36,-2.2269899845,0.0299999993,0.03162885,9.9627647400,48.9259834290,810
24.39,-2.2517302036,0.0299999993,0.03115180,9.9627647400,48.9259834290,811
24.42,-2.2419176102,0.0299999993,0.03123516,9.9627647400,48.9259834290,812
24.44,-2.2404038906,0.0299999993,0.02914201,9.9627647400,48.9259834290,813
24.48,-2.2444345951,0.0299999993,0.02829816,9.9627647400,48.9259834290,814
24.51,-2.2153973579,0.0299999993,0.02847871,9.9627647400,48.9259834290,815
24.54,-2.2297468185,0.0299999993,0.02841063,9.9627647400,48.9259834290,816
24.56,-2.2243733406,0.0299999993,0.02945403,9.9627647400,48.9259834290,817
24.59,-2.2257850170,0.0299999993,0.03018591,9.9627647400,48.9259834290,818
24.62,-2.2383124828,0.0299999993,0.03053318,9.9627647400,48.9259834290,819
24.66,-2.2361104488,0.0299999993,0.03064449,9.9627647400,48.9259834290,820
24.68,-2.2401697636,0.0299999993,0.02974092,9.9627647400,48.9259834290,821
24.72,-2.2383623123,0.0299999993,0.02929066,9.9627647400,48.9259834290,822
24.75,-2.2281274796,0.0299999993,0.02893070,9.9627647400,48.9259834290,823
24.78,-2.2318563461,0.0299999993,0.02878937,9.9627647400,48.9259834290,824
24.80,-2.2259113789,0.0299999993,0.02971606,9.9627647400,48.9259834290,825
24.85,-2.2287392616,0.0299999993,0.02990837,9.9627647400,48.9259834290,826
24.90,-2.2386879921,0.0299999993,0.03039609,9.9627647400,48.9259834290,827
24.91,-2.2318596840,0.0299999993,0.03010426,9.9627647400,48.9259834290,828
24.95,-2.2421402931,0.0299999993,0.02970727,9.9627647400,48.9259834290,829
24.97,-2.2307140827,0.0299999993,0.02894449,9.9627647400,48.9259834290,830
25.00,-2.2340734005,0.0299999993,0.02818819,9.9627647400,48.9259834290,831
25.03,-2.2236974239,0.0299999993,0.02897220,9.9627647400,48.9259834290,832
25.06,-2.2228982449,0.0299999993,0.02896226,9.9627647400,48.9259834290,833
25.09,-2.2350246906,0.0299999993,0.03027103,9.9627647400,48.9259834290,834
25.12,-2.2244203091,0.0299999993,0.03048740,9.9627647400,48.9259834290,835
25.16,-2.2477419376,0.0299999993,0.03018541,9.9627647400,48.9259834290,836
25.18,-2.2317984104,0.0299999993,0.02964116,9.9627647400,48.9259834290,837
25.21,-2.2380511761,0.0299999993,0.02855166,9.9627647400,48.9259834290,838
25.25,-2.2286045551,0.0299999993,0.02825764,9.9627647400,48.9259834290,839
25.27,-2.2223947048,0.0299999993,0.02883605,9.9627647400,48.9259834290,840
25.30,-2.2258296013,0.0299999993,0.02929855,9.9627647400,48.9259834290,841
25.33,-2.2310047150,0.0299999993,0.03110865,9.9627647400,48.9259834290,842
25.37,-2.2315785885,0.0299999993,0.03111184,9.9627647400,48.9259834290,843
25.39,-2.2524728775,0.0299999993,0.03051335,9.9627647400,48.9259834290,844
25.42,-2.2341177464,0.0299999993,0.03020890,9.9627647400,48.9259834290,845
25.46,-2.2392475605,0.0299999993,0.02872895,9.9627647400,48.9259834290,846
25.48,-2.2341489792,0.0299999993,0.02816321,9.9627647400,48.9259834290,847
25.52,-2.2195174694,0.0299999993,0.02869983,9.9627647400,48.9259834290,848
25.54,-2.2262377739,0.0299999993,0.02920604,9.9627647400,48.9259834290,849
25.57,-2.2294628620,0.0299999993,0.03057567,9.9627647400,48.9259834290,850
25.61,-2.2317202091,0.0299999993,0.03125362,9.9627647400,48.9259834290,851
25.63,-2.2460517883,0.0299999993,0.03050668,9.9627647400,48.9259834290,852
25.67,-2.2414615154,0.0299999993,0.03024718,9.9627647400,48.9259834290,853
25.69,-2.2338335514,0.0299999993,0.02876276,9.9627647400,48.9259834290,854
25.72,-2.2381041050,0.0299999993,0.02814945,9.9627647400,48.9259834290,855
25.76,-2.2173967361,0.0299999993,0.02870004,9.9627647400,48.9259834290,856
25.78,-2.2272486687,0.0299999993,0.02888606,9.9627647400,48.9259834290,857
25.82,-2.2289431095,0.0299999993,0.02982198,9.9627647400,48.9259834290,858
25.85,-2.2280633450,0.0299999993,0.03061025,9.9627647400,48.9259834290,859
25.88,-2.2400648594,0.0299999993,0.03006147,9.9627647400,48.9259834290,860
25.90,-2.2394099236,0.0299999993,0.03019427,9.9627647400,48.9259834290,861
25.94,-2.2311739922,0.0299999993,0.02899369,9.9627647400,48.9259834290,862
25.97,-2.2401328087,0.0299999993,0.02897270,9.9627647400,48.9259834290,863
26.00,-2.2189183235,0.0299999993,0.02927257,9.9627647400,48.9259834290,864
26.02,-2.2357034683,0.0299999993,0.02959810,9.9627647400,48.9259834290,865
26.05,-2.2283270359,0.0299999993,0.03051950,9.9627647400,48.9259834290,866
26.08,-2.2359211445,0.0299999993,0.03052570,9.9627647400,48.9259834290,867
26.12,-2.2418761253,0.0299999993,0.02985917,9.9627647400,48.9259834290,868
26.15,-2.2354383469,0.0299999993,0.03009024,9.9627647400,48.9259834290,869
26.18,-2.2318515778,0.0299999993,0.02872914,9.9627647400,48.9259834290,870
26.21,-2.2389385700,0.0299999993,0.02870375,9.9627647400,48.9259834290,871
26.24,-2.2165913582,0.0299999993,0.02939965,9.9627647400,48.9259834290,872
26.26,-2.2346346378,0.0299999993,0.02938011,9.9627647400,48.9259834290,873
26.30,-2.2312254906,0.0299999993,0.03041489,9.9627647400,48.9259834290,874
26.33,-2.2308826447,0.0299999993,0.03110589,9.9627647400,48.9259834290,875
26.36,-2.2445044518,0.0299999993,0.02994121,9.9627647400,48.9259834290,876
26.39,-2.2411413193,0.0299999993,0.02982569,9.9627647400,48.9259834290,877
26.42,-2.2274179459,0.0299999993,0.02897698,9.9627647400,48.9259834290,878
26.45,-2.2385883331,0.0299999993,0.02863256,9.9627647400,48.9259834290,879
26.48,-2.2207076550,0.0299999993,0.02924612,9.9627647400,48.9259834290,880
26.51,-2.2302136421,0.0299999993,0.02958131,9.9627647400,48.9259834290,881
26.54,-2.2325022221,0.0299999993,0.03032159,9.9627647400,48.9259834290,882
26.57,-2.2329978943,0.0299999993,0.03056498,9.9627647400,48.9259834290,883
26.60,-2.2412850857,0.0299999993,0.03019117,9.9627647400,48.9259834290,884
26.62,-2.2369396687,0.0299999993,0.02982731,9.9627647400,48.9259834290,885
26.66,-2.2347249985,0.0299999993,0.02853165,9.9627647400,48.9259834290,886
26.69,-2.2329287529,0.0299999993,0.02855669,9.9627647400,48.9259834290,887
26.71,-2.2189311981,0.0299999993,0.02882695,9.9627647400,48.9259834290,888
26.75,-2.2318038940,0.0299999993,0.02935986,9.9627647400,48.9259834290,889
26.78,-2.2262539864,0.0299999993,0.03019525,9.9627647400,48.9259834290,890
26.81,-2.2354710102,0.0299999993,0.03086674,9.9627647400,48.9259834290,891
26.84,-2.2386333942,0.0299999993,0.03022073,9.9627647400,48.9259834290,892
26.87,-2.2425529957,0.0299999993,0.03018768,9.9627647400,48.9259834290,893
26.90,-2.2306272984,0.0299999993,0.02892911,9.9627647400,48.9259834290,894
26.93,-2.2399926186,0.0299999993,0.02839743,9.9627647400,48.9259834290,895
26.96,-2.2183396816,0.0299999993,0.02884457,9.9627647400,48.9259834290,896
26.99,-2.2291526794,0.0299999993,0.02884428,9.9627647400,48.9259834290,897
27.02,-2.2288937569,0.0299999993,0.02944288,9.9627647400,48.9259834290,898
27.05,-2.2272665501,0.0299999993,0.03037455,9.9627647400,48.9259834290,899
27.08,-2.2361044884,0.0299999993,0.03016251,9.9627647400,48.9259834290,900
27.11,-2.2401127815,0.0299999993,0.03038766,9.9627647400,48.9259834290,901
27.16,-2.2324800491,0.0299999993,0.02989460,9.9627647400,48.9259834290,902
27.17,-2.2412495613,0.0299999993,0.02908427,9.9627647400,48.9259834290,903
27.21,-2.2288069725,0.0299999993,0.02923711,9.9627647400,48.9259834290,904
27.23,-2.2282264233,0.0299999993,0.02903006,9.9627647400,48.9259834290,905
27.26,-2.2327456474,0.0299999993,0.02948632,9.9627647400,48.9259834290,906
27.29,-2.2263391018,0.0299999993,0.03006343,9.9627647400,48.9259834290,907
27.32,-2.2367920876,0.0299999993,0.03037566,9.9627647400,48.9259834290,908
27.35,-2.2358393669,0.0299999993,0.03048925,9.9627647400,48.9259834290,909
27.38,-2.2387282848,0.0299999993,0.03010604,9.9627647400,48.9259834290,910
27.41,-2.2377598286,0.0299999993,0.02944672,9.9627647400,48.9259834290,911
27.44,-2.2333962917,0.0299999993,0.02906860,9.9627647400,48.9259834290,912
27.47,-2.2292668819,0.0299999993,0.02888853,9.9627647400,48.9259834290,913
27.50,-2.2289748192,0.0299999993,0.02917806,9.9627647400,48.9259834290,914
27.53,-2.2277204990,0.0299999993,0.02980834,9.9627647400,48.9259834290,915
27.56,-2.2324330807,0.0299999993,0.02980759,9.9627647400,48.9259834290,916
27.59,-2.2362797260,0.0299999993,0.02988030,9.9627647400,48.9259834290,917
27.62,-2.2320957184,0.0299999993,0.02982567,9.9627647400,48.9259834290,918
27.65,-2.2359964848,0.0299999993,0.02893214,9.9627647400,48.9259834290,919
27.68,-2.2326242924,0.0299999993,0.02922055,9.9627647400,48.9259834290,920
27.71,-2.2239103317,0.0299999993,0.02938461,9.9627647400,48.9259834290,921
27.74,-2.2356679440,0.0299999993,0.02940433,9.9627647400,48.9259834290,922
27.77,-2.2288830280,0.0299999993,0.03032058,9.9627647400,48.9259834290,923
27.80,-2.2330551147,0.0299999993,0.03010443,9.9627647400,48.9259834290,924
27.83,-2.2418417931,0.0299999993,0.02995402,9.9627647400,48.9259834290,925
27.86,-2.2307729721,0.0299999993,0.02968207,9.9627647400,48.9259834290,926
27.89,-2.2371103764,0.0299999993,0.02882498,9.9627647400,48.9259834290,927
27.92,-2.2301073074,0.0299999993,0.02902755,9.9627647400,48.9259834290,928
27.95,-2.2246043682,0.0299999993,0.02910406,9.9627647400,48.9259834290,929
27.98,-2.2331151962,0.0299999993,0.02966570,9.9627647400,48.9259834290,930
28.02,-2.2275459766,0.0299999993,0.03085403,9.9627647400,48.9259834290,931
28.04,-2.2378802299,0.0299999993,0.03055814,9.9627647400,48.9259834290,932
28.07,-2.2444124222,0.0299999993,0.03037767,9.9627647400,48.9259834290,933
28.11,-2.2332816124,0.0299999993,0.02983016,9.9627647400,48.9259834290,934
28.13,-2.2396888733,0.0299999993,0.02859735,9.9627647400,48.9259834290,935